cve,repository,patch_commit,description_file,patch_file,affected_version_count,not_affected_version_count,affected_version_list,not_affected_version_list
CVE-2012-3443,django/django,9ca0ff6268eeff92d0d0ac2c315d4b6a8e229155,descriptions/CVE-2012-3443.txt,patches/CVE-2012-3443.patch,12,12,1.0.1;1.0.3;1.0.4;1.1.1;1.1.3;1.2;1.2.1;1.2.3;1.2.5;1.2.7;1.3;1.4,1.10.5;1.3.2;1.5.10;1.8.8;2.0rc1;2.2.3;3.0.10;3.2.12;4.1.7;4.2.28;5.1.15;6.1.1
CVE-2014-1604,alex/rply,fc9bbcd25b0b4f09bbd6339f710ad24c129d5d7c,descriptions/CVE-2014-1604.txt,patches/CVE-2014-1604.patch,4,8,v0.5;v0.5.1;v0.6.1;v0.7.0,v0.7.1;v0.7.2;v0.7.3;v0.7.4;v0.7.5;v0.7.6;v0.7.7;v0.7.8
CVE-2014-1859,numpy/numpy,0bb46c1448b0d3f5453d5182a17ea7ac5854ee15,descriptions/CVE-2014-1859.txt,patches/CVE-2014-1859.patch,12,12,v0.9.6;v1.0.3;v1.0b1;v1.0rc1;v1.0rc3;v1.1.1;v1.3.0;v1.4.1;v1.5.1;v1.6.1;v1.7.1;v1.8.0,v1.11.0;v1.14.3;v1.16.2;v1.18.0;v1.19.5;v1.22.0;v1.24.0;v1.26.3;v1.8.1;v2.2.2;v2.4.0;v2.5.3
CVE-2014-1932,python-imaging/Pillow,4e9f367dfd3f04c8f5d23f7f759ec12782e10ee7,descriptions/CVE-2014-1932.txt,patches/CVE-2014-1932.patch,11,12,1.0;1.2;1.7.6;1.7.7;1.7.8;2.0.0;2.1.0;2.2.0;2.2.1;2.2.2;2.3.0,11.1.0;12.3.0;2.3.1;2.6.0;3.0.0;3.3.2;4.1.1;5.4.0;7.0.0;8.1.1;9.0.0;9.5.0
CVE-2014-1933,python-imaging/Pillow,4e9f367dfd3f04c8f5d23f7f759ec12782e10ee7,descriptions/CVE-2014-1933.txt,patches/CVE-2014-1933.patch,11,12,1.0;1.2;1.7.6;1.7.7;1.7.8;2.0.0;2.1.0;2.2.0;2.2.1;2.2.2;2.3.0,11.1.0;12.3.0;2.3.1;2.6.0;3.0.0;3.3.2;4.1.1;5.4.0;7.0.0;8.1.1;9.0.0;9.5.0
CVE-2014-3497,openstack/swift,e00da6cabc10b28b55cd1f0d128751f33437fa9e,descriptions/CVE-2014-3497.txt,patches/CVE-2014-3497.patch,0,13,,1.0.2;2.15.2;2.20.0;2.23.1;2.25.0;2.27.0;2.29.2;2.31.1;2.34.0;2.35.1;2.36.0;2.37.1;2.38.1
CVE-2014-7143,twisted/twisted,3b5942252f5f3e45862a0e12b266ab29e243cc33,descriptions/CVE-2014-7143.txt,patches/CVE-2014-7143.patch,1,23,twisted-14.0.0,twisted-10.0.0;twisted-10.1.0;twisted-11.0.0;twisted-11.1.0;twisted-12.1.0;twisted-12.2.0;twisted-13.0.0;twisted-13.1.0;twisted-14.0.1;twisted-15.3.0;twisted-16.2.0;twisted-16.4.1;twisted-18.4.0;twisted-19.10.0;twisted-21.7.0rc3;twisted-22.4.0rc1;twisted-23.8.0rc1;twisted-24.11.0rc1;twisted-24.3.0;twisted-26.4.0;twisted-8.0.0;twisted-8.1.0;twisted-8.2.0
CVE-2015-6938,jupyter/notebook,35f32dd2da804d108a3a3585b69ec3295b2677ed,descriptions/CVE-2015-6938.txt,patches/CVE-2015-6938.patch,4,12,4.0.0;4.0.1;4.0.2;4.0.4,4.0.5;5.1.0rc3;5.7.3;6.0.3;v6.4.7;v7.0.0a1;v7.0.0b1;v7.1.0a2;v7.3.0b0;v7.4.1;v7.5.4;v7.7.0a1
CVE-2015-8748,Unrud/Radicale,4bfe7c9f7991d534c8b9fbe153af9d341f925f98,descriptions/CVE-2015-8748.txt,patches/CVE-2015-8748.patch,3,9,0.9;1.0;1.0.1,0.2;0.3;0.5;0.6;0.6.1;0.6.3;0.6.4;0.7.1;0.8
CVE-2016-10127,rohe/pysaml2,6e09a25d9b4b7aa7a506853210a9a14100b8bc9b,descriptions/CVE-2016-10127.txt,patches/CVE-2016-10127.patch,12,12,0.4.3;1.0.1;2.0.0;2.1.0;v2.2.0;2.3.0;3.0.0;v3.0.2;4.0.0;v4.1.0;v4.3.0;v4.4.0,v4.5.0;v4.6.3;v4.8.0;v5.1.0;v6.0.0;v6.3.1;v6.5.1;v7.1.0;v7.2.1;v7.4.0;v7.5.1;v7.5.5
CVE-2016-10149,rohe/pysaml2,6e09a25d9b4b7aa7a506853210a9a14100b8bc9b,descriptions/CVE-2016-10149.txt,patches/CVE-2016-10149.patch,12,12,0.4.3;1.0.1;2.0.0;2.1.0;v2.2.0;2.3.0;3.0.0;v3.0.2;4.0.0;v4.1.0;v4.3.0;v4.4.0,v4.5.0;v4.6.3;v4.8.0;v5.1.0;v6.0.0;v6.3.1;v6.5.1;v7.1.0;v7.2.1;v7.4.0;v7.5.1;v7.5.5
CVE-2016-10745,pallets/jinja,9b53045c34e61013dc8f09b7e52a555fa16bed16,descriptions/CVE-2016-10745.txt,patches/CVE-2016-10745.patch,12,12,2.0rc1;2.1;2.2;2.2.1;2.3.1;2.4.1;2.5.1;2.5.4;2.6;2.7;2.7.2;2.8,2.10;2.10.3;2.11.1;2.8.1;2.9.2;2.9.4;3.0.0a1;3.0.0rc2;3.0.2;3.1.1;3.1.3;3.1.6
CVE-2016-1505,Unrud/Radicale,b4b3d51f33c7623d312f289252dd7bbb8f58bbe6,descriptions/CVE-2016-1505.txt,patches/CVE-2016-1505.patch,12,0,0.2;0.3;0.5;0.6;0.6.1;0.6.3;0.6.4;0.7.1;0.8;0.9;1.0;1.0.1,
CVE-2016-9243,pyca/cryptography,b924696b2e8731f39696584d12cceeb3aeb2d874,descriptions/CVE-2016-9243.txt,patches/CVE-2016-9243.patch,11,13,0.3;0.5.1;0.6;0.7.2;0.9;0.9.3;1.1;1.2.1;1.3.1;1.3.4;1.5.2,0.1;1.5.3;2.0.2;2.3;2.9.1;3.4;36.0.1;38.0.3;41.0.3;42.0.5;45.0.0;46.0.2;50.0.1
CVE-2016-9909,html5lib/html5lib-python,9b8d8eb5afbc066b7fac9390f5ec75e5e8a7cab7,descriptions/CVE-2016-9909.txt,patches/CVE-2016-9909.patch,14,8,0.90;0.95;0.99;0.999;0.9999;0.99999;0.999999;0.9999999;1.0b1;1.0b2;1.0b3;1.0b5;1.0b6;1.0b8,0.2;0.99999999;0.999999999;1.0;1.0.1;1.0b10;1.0b9;1.1
CVE-2016-9910,html5lib/html5lib-python,9b8d8eb5afbc066b7fac9390f5ec75e5e8a7cab7,descriptions/CVE-2016-9910.txt,patches/CVE-2016-9910.patch,14,8,0.90;0.95;0.99;0.999;0.9999;0.99999;0.999999;0.9999999;1.0b1;1.0b2;1.0b3;1.0b5;1.0b6;1.0b8,0.2;0.99999999;0.999999999;1.0;1.0.1;1.0b10;1.0b9;1.1
CVE-2016-9964,bottlepy/bottle,6d7e13da0f998820800ecb3fe9ccee4189aefb54,descriptions/CVE-2016-9964.txt,patches/CVE-2016-9964.patch,18,12,0.10.1;0.10.11;0.10.4;0.10.6;0.10.9;0.11.2;0.11.4;0.11.7;0.12.10;0.12.2;0.12.5;0.12.7;0.4.10;0.5.4;0.6.2;0.8.1;0.9.2;0.9.8,0.12.11;0.12.13;0.12.14;0.12.16;0.12.18;0.12.20;0.12.21;0.12.23;0.12.25;0.13.1;0.13.2;0.13.4
CVE-2017-1000433,IdentityPython/pysaml2,6312a41e037954850867f29d329e5007df1424a5,descriptions/CVE-2017-1000433.txt,patches/CVE-2017-1000433.patch,11,13,1.0.1;2.0.0;2.1.0;v2.2.0;2.3.0;3.0.0;v3.0.2;4.0.0;v4.1.0;v4.3.0;v4.4.0,0.4.3;v4.5.0;v4.6.3;v4.8.0;v5.1.0;v6.0.0;v6.3.1;v6.5.1;v7.1.0;v7.2.1;v7.4.0;v7.5.1;v7.5.5
CVE-2017-1000469,cobbler/cobbler,4b20397425a5d42a2d8927233654f4d7435bd4c2,descriptions/CVE-2017-1000469.txt,patches/CVE-2017-1000469.patch,1,12,v0.6.3-2,v3.1.2;v3.2.2;v3.3.1;v3.3.3;v3.3.6;v3.3.9;v4.0.0a3;v4.0.0a5;v4.0.0a8;v4.0.0b1;v4.0.0b4;v4.0.0b6
CVE-2017-1000481,plone/Products.CMFPlone,37981aeb07bb1cd7734f366875e92a41b54c2c34,descriptions/CVE-2017-1000481.txt,patches/CVE-2017-1000481.patch,12,12,4.1.1;4.1a1;4.2.1.1;4.2a2;4.3.13;4.3.3;4.3.8rc1;4.3a2;5.0.3rc1;5.0.5;5.0b3;5.1rc2,4.3.17;5.0.10rc1;5.1.4rc3;5.2.15;5.2.2rc2;5.2.7;5.2b1;6.0.0;6.0.14;6.0.6;6.1.1rc1;6.2.2
CVE-2017-1000482,plone/Products.CMFPlone,37981aeb07bb1cd7734f366875e92a41b54c2c34,descriptions/CVE-2017-1000482.txt,patches/CVE-2017-1000482.patch,12,12,4.1.1;4.1a1;4.2.1.1;4.2a2;4.3.13;4.3.3;4.3.8rc1;4.3a2;5.0.3rc1;5.0.5;5.0b3;5.1rc2,4.3.17;5.0.10rc1;5.1.4rc3;5.2.15;5.2.2rc2;5.2.7;5.2b1;6.0.0;6.0.14;6.0.6;6.1.1rc1;6.2.2
CVE-2017-14695,saltstack/salt,80d90307b07b3703428ecbb7c8bb468e28a9ae6d,descriptions/CVE-2017-14695.txt,patches/CVE-2017-14695.patch,10,14,v0.16.2;v0.8.7;v2014.1.0rc3;v2014.1.11;v2014.7.1;v2015.5.3;v2015.8.0rc4;v2015.8.10;v2016.3.5;v2017.7.1,v0.10.0;v0.13.1;v2016.3.8;v2017.7.7;v2019.2.2;v3000.5;v3001.6;v3002.8;v3005rc1;v3006.1;v3006.13;v3006.25;v3007.9;v3008.2
CVE-2017-15612,lepture/mistune,d6f0b6402299bf5a380e7b4e77bd80e8736630fe,descriptions/CVE-2017-15612.txt,patches/CVE-2017-15612.patch,12,12,v0.1.0;v0.2.0;v0.3.0;v0.4;v0.4.1;v0.5;v0.5.1;v0.6;v0.7;v0.7.2;v0.7.3;v0.7.4,v0.8;v0.8.4;v2.0.0a3;v2.0.0rc1;v2.0.3;v3.0.0a1;v3.0.0rc1;v3.0.0rc5;v3.1.0;v3.1.4;v3.3.0;v3.3.4
CVE-2017-16228,gitpython-developers/GitPython,46d3d0520d8877b1979e6385bada9d9e1e0731ec,descriptions/CVE-2017-16228.txt,patches/CVE-2017-16228.patch,3,0,0.3.2;0.3.3;1.0.0,
CVE-2017-16876,lepture/mistune,5f06d724bc05580e7f203db2d4a4905fc1127f98,descriptions/CVE-2017-16876.txt,patches/CVE-2017-16876.patch,12,12,v0.1.0;v0.2.0;v0.3.1;v0.4;v0.4.1;v0.5;v0.6;v0.7;v0.7.1;v0.7.2;v0.7.4;v0.8,v0.8.1;v2.0.0;v2.0.0a1;v2.0.0a4;v2.0.4;v3.0.0a1;v3.0.0rc2;v3.0.0rc5;v3.1.0;v3.1.4;v3.3.0;v3.3.4
CVE-2017-18342,yaml/pyyaml,234261bbaa876c7a35dca3ebc0a3a58ab83a7821,descriptions/CVE-2017-18342.txt,patches/CVE-2017-18342.patch,10,14,3.01;3.03;3.05;3.06;3.08;3.10;3.12;3.13rc1;4.2b1;4.2b2,5.1;5.1.2;5.1b3;5.1b7;5.2b1;5.3;5.3b1;5.4.1;5.4b1;5.4b2;6.0.1;6.0.2rc1;6.0.3;6.0b1
CVE-2017-18638,graphite-project/graphite-web,7f7c172eaf2596ae57f8fa783a517c974c3fe5df,descriptions/CVE-2017-18638.txt,patches/CVE-2017-18638.patch,12,4,0.9.10;0.9.12;0.9.15;0.9.16;0.9.5;0.9.7c;0.9.8;1.0.1;1.1.0;1.1.2;1.1.3;1.1.5,1.1.10;1.1.6;1.1.7;1.1.8
CVE-2017-5934,moinwiki/moin-1.9,70955a8eae091cc88fd9a6e510177e70289ec024,descriptions/CVE-2017-5934.txt,patches/CVE-2017-5934.patch,12,2,1.8.4;1.8.5;1.8.6;1.9.0;1.9.1;1.9.2;1.9.3;1.9.4;1.9.5;1.9.7;1.9.8;1.9.9,1.9.10;1.9.11
CVE-2017-8342,Kozea/Radicale,059ba8dec1f22ccbeab837e288b3833a099cee2d,descriptions/CVE-2017-8342.txt,patches/CVE-2017-8342.patch,12,12,0.10;0.2;0.4;0.5;0.6.1;0.6.3;0.6.4;0.7.1;0.8;1.0.1;1.1;2.0.0rc1,1.1.2;2.0.0rc2;2.1.11;2.1.5;3.0.4;v3.1.4;v3.2.0;v3.3.3;v3.5.3;v3.5.9;v3.7.3;v3.8.0
CVE-2018-1000519,aio-libs/aiohttp-session,5b0723b8e013750ce37afddc28dc8c2046a39ff1,descriptions/CVE-2018-1000519.txt,patches/CVE-2018-1000519.patch,12,11,v0.0.1;v0.1.1;v0.2.0;v0.3.0;v0.5.0;v0.7.1;v1.0.0;v1.1.0;v1.2.1;v2.0.0;v2.1.0;v2.3.0,v2.10.0;v2.10.0a0;v2.11.0;v2.12.0;v2.12.1;v2.4.0;v2.5.1;v2.6.0;v2.7.0;v2.8.0;v2.9.0
CVE-2018-1000559,qutebrowser/qutebrowser,4c9360237f186681b1e3f2a0f30c45161cf405c7,descriptions/CVE-2018-1000559.txt,patches/CVE-2018-1000559.patch,12,18,v0.11.0;v0.11.1;v1.0.1;v1.0.2;v1.0.3;v1.0.4;v1.1.1;v1.1.2;v1.2.0;v1.2.1;v1.3.1;v1.3.2,v0.1.1;v0.10.1;v0.2.1;v0.5.0;v0.7.0;v0.8.3;v1.11.1;v1.3.3;v1.5.1;v1.7.0;v1.9.0;v2.0.0;v2.2.0;v2.4.0;v2.5.4;v3.2.0;v3.5.1;v3.7.0
CVE-2018-1000656,pallets/flask,0e1e9a04aaf29ab78f721cfc79ac2a691f6e3929,descriptions/CVE-2018-1000656.txt,patches/CVE-2018-1000656.patch,7,17,0.10.1;0.11;0.12;0.12.2;0.7.1;0.8;0.9,0.1;0.12.3;0.3;0.4;0.5;0.6.1;1.0.1;1.0.4;1.1.3;2.0.0;2.0.3;2.1.3;2.2.2;2.3.0;3.0.0;3.0.3;3.1.3
CVE-2018-1000807,pyca/pyopenssl,e73818600065821d588af475b024f4eb518c3509,descriptions/CVE-2018-1000807.txt,patches/CVE-2018-1000807.patch,11,12,0.14;0.15;0.15.1;16.0.0;16.1.0;16.2.0;17.0.0;17.1.0;17.2.0;17.3.0;17.4.0,17.5.0;19.0.0;20.0.1;22.0.0;23.0.0;23.2.0;24.0.0;24.3.0;25.1.0;25.3.0;26.2.0;26.4.0
CVE-2018-1000808,pyca/pyopenssl,cef7f41f4c8e2815d01313d908c72dd6b71f3cbb,descriptions/CVE-2018-1000808.txt,patches/CVE-2018-1000808.patch,11,12,0.14;0.15;0.15.1;16.0.0;16.1.0;16.2.0;17.0.0;17.1.0;17.2.0;17.3.0;17.4.0,17.5.0;19.0.0;20.0.1;22.0.0;23.0.0;23.2.0;24.0.0;24.3.0;25.1.0;25.3.0;26.2.0;26.4.0
CVE-2018-1000814,aio-libs/aiohttp-session,308c839deac8ed9be169397c1328f72c75ac793e,descriptions/CVE-2018-1000814.txt,patches/CVE-2018-1000814.patch,12,8,v0.0.1;v0.1.1;v0.2.0;v0.4.0;v0.7.0;v0.8.0;v1.1.0;v1.2.1;v2.0.1;v2.2.0;v2.4.0;v2.6.0,v2.10.0;v2.10.0a0;v2.11.0;v2.12.0;v2.12.1;v2.7.0;v2.8.0;v2.9.0
CVE-2018-16516,flask-admin/flask-admin,75e51ebca2c4ef236854cfe88a237177813d39c1,descriptions/CVE-2018-16516.txt,patches/CVE-2018-16516.patch,7,17,v1.0.9;v1.1.0;v1.3.0;v1.4.0;v1.4.1;v1.5.0;v1.5.2,v1.0.1;v1.0.2;v1.0.5;v1.0.6;v1.0.7;v1.5.3;v1.5.5;v1.5.7;v1.6.0;v2.0.0a0;v2.0.0a2;v2.0.0a3;v2.0.0a5;v2.0.0rc2;v2.0.1;v2.1.0;v2.2.1
CVE-2018-16876,ansible/ansible,4c6d714aefb05366cb329e139214c89ebb364899,descriptions/CVE-2018-16876.txt,patches/CVE-2018-16876.patch,7,10,v2.5.0b1;v2.5.10;v2.5.3;v2.6.0rc3;v2.6.5;v2.7.0rc1;v2.7.4,v1.0;v1.3.2;v1.4.5;v1.6.3;v1.7.1;v2.10.7;v2.5.14;v2.6.19;v2.7.14;v2.8.0
CVE-2018-19787,lxml/lxml,6be1d081b49c97cfd7b3fbd934a193b668629109,descriptions/CVE-2018-19787.txt,patches/CVE-2018-19787.patch,12,12,lxml-2.0;lxml-2.3;lxml-2.3.4;lxml-3.1.0;lxml-3.2.2;lxml-3.3.1;lxml-3.3.5;lxml-3.4.3;lxml-3.6.2;lxml-3.7.2;lxml-4.1.1;lxml-4.2.4,lxml-4.2.5;lxml-4.3.4;lxml-4.4.2;lxml-4.6.0;lxml-4.6.5;lxml-4.9.1;lxml-5.0.1;lxml-5.2.0;lxml-5.3.2;lxml-6.0.3;lxml-6.1.2;lxml-7.0.0b1
CVE-2018-21019,home-assistant/core,57877368171266247fd0691894fc5cf6ae56e48d,descriptions/CVE-2018-21019.txt,patches/CVE-2018-21019.patch,7,9,0.14.1;0.20.2;0.43.1;0.52.1;0.60.1;0.65.1;0.67.0b1,0.111.0b5;0.27.0;0.30.1;0.34.1;0.38.3;0.67.0;0.7.1;0.84.3;0.99.0b2
CVE-2018-25088,blue-yonder/postgraas_server,7cd8d016edc74a78af0d81c948bfafbcc93c937c,descriptions/CVE-2018-25088.txt,patches/CVE-2018-25088.patch,5,14,v1.0.0b1;v1.0.0b2;v1.0.0b3;v2.0.0b1;v2.0.0b2,v0.1.11;v0.1.4;v0.1.5;v0.1.6;v0.1.7;v0.1.8;v0.1.9;v2.0.0;v2.0.1;v2.0.2;v2.1.0;v2.1.1;v2.1.2;v2.1.4
CVE-2018-6596,anymail/django-anymail,c07998304b4a31df4c61deddcb03d3607a04691b,descriptions/CVE-2018-6596.txt,patches/CVE-2018-6596.patch,10,14,v0.10;v0.11.1;v0.2;v0.3.1;v0.4.2;v0.6;v0.6.1;v0.8;v1.0;v1.2,v0.1;v0.1.dev1;v1.2.1;v10.3;v12.0;v13.1;v15.2;v2.1;v4.0;v5.0;v7.2;v8.2;v8.5;v9.2
CVE-2018-7206,jupyterhub/oauthenticator,1845c0e4b1bff3462c91c3108c85205acd3c75a2,descriptions/CVE-2018-7206.txt,patches/CVE-2018-7206.patch,5,18,0.6.0;0.6.1;0.7.0;0.7.1;0.7.2,0.1.0;0.11.0;0.12.2;0.2.0;0.3.0;0.4.1;0.5.0;0.5.1;0.6.2;0.8.1;14.0.0;15.0.1;16.0.1;16.0.5;16.1.0;16.2.1;17.1.0;17.4.0
CVE-2018-7750,paramiko/paramiko,fa29bd8446c8eab237f5187d28787727b4610516,descriptions/CVE-2018-7750.txt,patches/CVE-2018-7750.patch,12,12,1.18.2;1.18.4;release-1.7.4;release-1.7.6;2.0.1;2.0.4;2.0.6;2.1.1;2.1.3;2.2.0;2.3.0;2.4.0,1.17.6;2.1.5;2.10.4;2.11.1;2.3.3;2.5.0;2.7.1;2.9.1;2.9.5;3.2.0;3.4.1;5.0.0
CVE-2019-11340,matrix-org/sydent,4e1cfff53429c49c87d5c457a18ed435520044fc,descriptions/CVE-2019-11340.txt,patches/CVE-2019-11340.patch,0,12,,v2.0.0;v2.1.0;v2.3.0;v2.4.0;v2.4.2;v2.4.4;v2.4.6;v2.5.1;v2.5.3;v2.5.4;v2.5.6;v2.6.1
CVE-2019-12387,twisted/twisted,6c61fc4503ae39ab8ecee52d10f10ee2c371d7e2,descriptions/CVE-2019-12387.txt,patches/CVE-2019-12387.patch,12,12,twisted-11.0.0;twisted-12.2.0;twisted-13.2.0;twisted-15.0.0;twisted-15.3.0;twisted-16.1.0;twisted-16.3.1;twisted-16.5.0;twisted-17.9.0;twisted-19.2.0;twisted-8.0.0;twisted-9.0.0,twisted-19.2.1;twisted-20.3.0;twisted-21.7.0rc2;twisted-22.1.0rc1;twisted-22.2.0;twisted-22.8.0;twisted-23.8.0rc1;twisted-24.10.0;twisted-24.2.0rc1;twisted-24.7.0rc2;twisted-25.5.0rc1;twisted-26.4.0
CVE-2019-12781,django/django,54d0f5e62f54c29a12dd96f44bacd810cbe03ac8,descriptions/CVE-2019-12781.txt,patches/CVE-2019-12781.patch,17,13,1.11;1.11.12;1.11.15;1.11.17;1.11.21;1.11.3;1.11.6;1.11.9;1.11rc1;1.5.8;1.8a1;1.9;2.1.2;2.1.5;2.1.9;2.1a1;2.2.2,1.0.1;1.11.22;1.4.3;2.2.15;3.0.8;3.1.14;3.2.20;4.1.1;4.2.8;5.0b1;5.1.5;5.2.10;6.1.1
CVE-2019-14751,nltk/nltk,f59d7ed8df2e0e957f7f247fe218032abdbe9a10,descriptions/CVE-2019-14751.txt,patches/CVE-2019-14751.patch,12,12,2.0.1rc1;2.0.1rc4;2.0.4;3.0.0;3.0.2;3.0.4;3.1;3.2.1;3.2.3;3.3;3.4.1;3.4.4,v3.10.1;v3.10.3;3.4.5;3.5;3.6.1;3.6.3;3.6.5;3.6.7;3.7;3.8.1;3.9.1;3.9.4
CVE-2019-16766,labd/wagtail-2fa,a6711b29711729005770ff481b22675b35ff5c81,descriptions/CVE-2019-16766.txt,patches/CVE-2019-16766.patch,8,12,0.0.1;0.0.2;0.0.3;0.1.0;1.0.0;1.0.1;1.1.0;1.2.0,1.3.0;1.3.2;1.3.3;1.4.0;1.4.1;1.5.0;1.6.0;1.6.5;1.6.6;1.6.8;1.6.9;1.8.0
CVE-2019-16792,Pylons/waitress,575994cd42e83fd772a5f7ec98b2c56751bd3f65,descriptions/CVE-2019-16792.txt,patches/CVE-2019-16792.patch,12,12,0.1;0.4;0.7;0.8.2;0.8.5;0.8.8;0.9.0b0;v1.0.1;v1.0a1;v1.2.0b1;v1.2.1;v1.3.1,v1.4.0;v1.4.1;v1.4.3;v1.4.4;v2.0.0b0;v2.0.0b1;v2.1.0;v2.1.0b0;v2.1.1;v2.1.2;v3.0.1;v3.0.2
CVE-2019-7313,buildbot/buildbot,e781f110933e05ecdb30abc64327a2c7c9ff9c5a,descriptions/CVE-2019-7313.txt,patches/CVE-2019-7313.patch,14,16,v0.9.0;v0.9.0b5;v0.9.0rc4;v0.9.11;v0.9.13;v0.9.15.post1;v0.9.2;v0.9.4;v0.9.7;v0.9.9.post1;v1.1.1;v1.3.0;v1.5.0;v1.8.0,v0.7.11;v0.7.3;v0.8.12;v0.8.4;v1.8.1;v2.10.1;v2.3.1;v2.7.0;v2.9.0;v3.0.1;v3.10.1;v3.11.6;v3.3.0;v3.7.0;v4.0.2;v4.3.0
CVE-2019-9644,jupyter/notebook,bfaa61385729ed4fb453863053f9a79141f01119,descriptions/CVE-2019-9644.txt,patches/CVE-2019-9644.patch,9,15,4.3.1;5.0.0b1;5.1.0;5.1.0rc1;5.2.1;5.3.1;5.5.0;5.7.1;5.7.5,4.0.0;4.0.5;4.2.1;5.7.6;6.0.3;v6.4.3;v6.5.0;v7.0.0a8;v7.0.0b4;v7.1.0a2;v7.2.2;v7.4.0a3;v7.5.0a0;v7.5.7;v7.7.0a1
CVE-2020-11054,qutebrowser/qutebrowser,f5d801251aa5436aff44660c87d7013e29ac5864,descriptions/CVE-2020-11054.txt,patches/CVE-2020-11054.patch,9,15,v0.8.1;v0.9.1;v1.0.1;v1.1.1;v1.11.0;v1.3.2;v1.5.0;v1.6.2;v1.8.3,v0.1.1;v0.2.1;v0.6.0;v1.11.1;v1.13.1;v2.0.1;v2.1.1;v2.2.3;v2.4.0;v2.5.3;v3.0.1;v3.2.1;v3.4.0;v3.6.1;v3.7.0
CVE-2020-15118,wagtail/wagtail,d9a41e7f24d08c024acc9a3094940199df94db34,descriptions/CVE-2020-15118.txt,patches/CVE-2020-15118.patch,11,13,v0.8.2;v1.0rc1;v1.12.1;v1.13.4;v1.4;v1.5.3;v1.8.2;v2.1.3;v2.5rc1;v2.7;v2.9.2,v0.1;v2.11.9;v2.13.4;v2.16rc1;v2.7.4;v4.0.1;v4.2;v5.1.3;v6.0.4;v6.3;v7.0.1;v7.2.1;v8.0
CVE-2020-15140,Cog-Creators/Red-DiscordBot,9ab536235bafc2b42c3c17d7ce26f1cc64482a81,descriptions/CVE-2020-15140.txt,patches/CVE-2020-15140.patch,12,12,3.0.0b16;3.0.0b19;3.0.0rc1.post1;3.0.0rc3.post1;3.1.0;3.1.3;3.1.7;3.2.0;3.3.0;3.3.10;3.3.3;3.3.7,3.3.11;3.4.11;3.4.15;3.4.19;3.4.2;3.4.6;3.5.11;3.5.16;3.5.20;3.5.24;3.5.3;3.5.7
CVE-2020-15147,Cog-Creators/Red-DiscordBot,e269ea0d3bc88417163c18431b1df38a9be92bfc,descriptions/CVE-2020-15147.txt,patches/CVE-2020-15147.patch,8,16,3.1.0;3.1.4;3.1.7;3.2.1;3.3.0;3.3.11;3.3.4;3.3.7,3.0.0;3.0.0b16;3.0.0b20;3.0.0rc1.post1;3.3.12;3.4.11;3.4.15;3.4.19;3.4.3;3.4.7;3.5.12;3.5.16;3.5.20;3.5.24;3.5.4;3.5.8
CVE-2020-15278,Cog-Creators/Red-DiscordBot,726bfd38adfdfaef760412a68e01447b470f438b,descriptions/CVE-2020-15278.txt,patches/CVE-2020-15278.patch,8,16,3.1.1;3.1.5;3.1.8;3.2.2;3.3.2;3.3.6;3.3.9;3.4.0,3.0.0;3.0.0b16;3.0.0b20;3.0.0rc1.post1;3.4.1;3.4.13;3.4.17;3.4.5;3.4.9;3.5.1;3.5.12;3.5.16;3.5.20;3.5.24;3.5.4;3.5.8
CVE-2020-1747,yaml/pyyaml,5080ba513377b6355a0502104846ee804656f1e0,descriptions/CVE-2020-1747.txt,patches/CVE-2020-1747.patch,9,16,5.1;5.1.1;5.1.2;5.1b5;5.1b7;5.2;5.2b1;5.3;5.3b1,3.01;3.05;3.09;3.12;4.2b1;5.3.1;5.4;5.4.1;5.4b1;5.4b2;6.0;6.0.1;6.0.2;6.0.2rc1;6.0.3;6.0b1
CVE-2020-17495,celery/django-celery-results,6f757fe4810d8d1813f70ae91427ffcdf9823b0c,descriptions/CVE-2020-17495.txt,patches/CVE-2020-17495.patch,0,16,,v1.0.0;v1.0.1;v1.0.3;v1.0.4;1.1.0;1.1.2;1.2.0;v2.0.0;v2.0.1;v2.1.0;v2.3.0;v2.3.1;v2.4.0;v2.5.0;v2.5.1;v2.6.0
CVE-2020-17515,apache/airflow,e1448653a208a5a5bb9be90f82d51a8662776097,descriptions/CVE-2020-17515.txt,patches/CVE-2020-17515.patch,11,9,1.10.1;1.10.10rc1;1.10.11rc1;1.10.12rc4;1.10.14rc3;1.10.3b1;1.10.4rc1;1.10.7rc2;1.8.1;2.0.0rc1;2.0.1,1.10.15rc1;1.10.5rc1;2.11.1rc2;2.2.1rc2;2.3.2rc1;2.5.0;2.6.2rc1;2.8.0;2.9.2rc1
CVE-2020-25659,pyca/cryptography,ce1bef6f1ee06ac497ca0c837fbd1c7ef6c2472b,descriptions/CVE-2020-25659.txt,patches/CVE-2020-25659.patch,10,14,0.5.1;0.7.1;0.9.3;1.2;1.3.3;1.6;1.9;2.1.2;2.4;2.8,0.1;3.2;3.2.1;3.4.3;36.0.0;37.0.4;39.0.1;41.0.2;42.0.2;43.0.0;45.0.0;45.0.7;46.0.6;50.0.1
CVE-2020-26257,matrix-org/synapse,3ce2f303f15f6ac3dc352298972dc6e04d9b7a8b,descriptions/CVE-2020-26257.txt,patches/CVE-2020-26257.patch,10,14,v0.99.3rc1;v1.0.0rc3;v1.10.0rc1;v1.12.1;v1.15.0rc1;v1.18.0;v1.20.1;v1.23.0;v1.4.0rc1;v1.6.1,v0.33.5;v0.34.0.1;v1.23.1;v1.31.0;v1.37.0rc1;v1.42.0rc2;v1.48.0rc1;v1.55.0;v1.61.1;v1.68.0rc2;v1.75.0rc2;v1.83.0rc1;v1.91.0rc1;v1.98.0
CVE-2020-27589,blackducksoftware/hub-rest-api-python,273b27d0de1004389dd8cf43c40b1197c787e7cd,descriptions/CVE-2020-27589.txt,patches/CVE-2020-27589.patch,3,9,0.0.26;0.0.51;0.0.52,0.0.55;0.0.56;1.0.0;1.0.1;1.0.2;1.0.3;1.0.4;1.0.5;1.1.0
CVE-2020-28468,Gallopsled/pwntools,138188eb1c027a2d0ffa4151511c407d3a001660,descriptions/CVE-2020-28468.txt,patches/CVE-2020-28468.patch,10,14,3.1.0;3.10.0;3.13.0;3.3.0;3.4.0;3.6.0;3.9.0;4.1.1;4.1.7;4.3.0,2.1.0;2.2;4.10.0;4.11.1;4.12.0;4.13.1;4.14.0;4.15.0;4.3.1;4.5.0;4.5.1;4.7.0;4.7.1;4.9.0
CVE-2020-28493,pallets/jinja,ef658dc3b6389b091d608e710a810ce8b87995b3,descriptions/CVE-2020-28493.txt,patches/CVE-2020-28493.patch,13,11,2.0rc1;2.1.1;2.10;2.10.3;2.11.2;2.3;2.5;2.5.4;2.7;2.7.3;2.9;2.9.3;3.0.0a1,2.11.3;3.0.0;3.0.0rc2;3.0.1;3.0.2;3.1.0;3.1.1;3.1.2;3.1.3;3.1.5;3.1.6
CVE-2020-5262,easybuilders/easybuild-framework,37c805eecf3556ed37ce3e0355d5b66f57557a48,descriptions/CVE-2020-5262.txt,patches/CVE-2020-5262.patch,8,16,v1.0;easybuild-framework-v1.13.0;easybuild-framework-v1.16.1;v1.4.0;v1.8.2;easybuild-framework-v2.4.0;easybuild-framework-v3.9.1;easybuild-framework-v4.1.1,easybuild-framework-v2.8.2;easybuild-framework-v3.1.2;easybuild-framework-v3.4.1;easybuild-framework-v3.6.2;easybuild-framework-v4.1.2;easybuild-framework-v4.3.0;easybuild-framework-v4.3.3;easybuild-framework-v4.4.2;easybuild-framework-v4.5.3;easybuild-framework-v4.6.0;easybuild-framework-v4.7.1;easybuild-framework-v4.8.1;easybuild-framework-v4.9.2;easybuild-framework-v5.1.0;easybuild-framework-v5.2.0;easybuild-framework-v5.4.0
CVE-2021-20178,ansible-collections/community.general,8de555b5d69debb9bbed877922024385718edd3f,descriptions/CVE-2021-20178.txt,patches/CVE-2021-20178.patch,3,21,1.3.0;1.3.1;1.3.3,1.3.4;10.2.0;11.0.0;12.2.0;13.4.0;2.0.0;2.5.1;2.5.2;2.5.4;2.5.5;2.5.6;2.5.8;2.5.9;3.0.0;4.1.0;4.8.0;5.5.0;6.3.0;7.2.0;8.3.0;9.1.0
CVE-2021-21376,ome/omero-web,952f8e5d28532fbb14fb665982211329d137908c,descriptions/CVE-2021-21376.txt,patches/CVE-2021-21376.patch,12,12,v5.5.dev1;v5.5.dev2;v5.6.0;v5.6.1;v5.6.3;v5.6.dev2;v5.6.dev3;v5.6.dev5;v5.6.dev6;v5.7.0;v5.8.0;v5.8.1,v5.11.0;v5.14.0;v5.16.0;v5.19.0;v5.22.0;v5.25.0;v5.27.1;v5.29.0;v5.29.3;v5.31.1;v5.33.1;v5.9.0
CVE-2021-21377,ome/omero-web,952f8e5d28532fbb14fb665982211329d137908c,descriptions/CVE-2021-21377.txt,patches/CVE-2021-21377.patch,12,12,v5.5.dev1;v5.5.dev2;v5.6.0;v5.6.1;v5.6.3;v5.6.dev2;v5.6.dev3;v5.6.dev5;v5.6.dev6;v5.7.0;v5.8.0;v5.8.1,v5.11.0;v5.14.0;v5.16.0;v5.19.0;v5.22.0;v5.25.0;v5.27.1;v5.29.0;v5.29.3;v5.31.1;v5.33.1;v5.9.0
CVE-2021-23393,briancappello/flask-unchained,71e36b28166f9ffbe0a991f51127f0984f7e6a40,descriptions/CVE-2021-23393.txt,patches/CVE-2021-23393.patch,8,5,v0.3.2;v0.4.2;v0.6.0;v0.6.3;v0.6.6;v0.7.2;v0.7.5;v0.8.1,v0.1.2;v0.1.5;v0.2.1;v0.7.8;v0.9.0
CVE-2021-28678,python-pillow/Pillow,496245aa4365d0827390bd0b6fbd11287453b3a1,descriptions/CVE-2021-28678.txt,patches/CVE-2021-28678.patch,4,20,5.3.0;6.2.0;7.1.2;8.1.2,1.0;10.1.0;10.3.0;11.1.0;11.3.0;12.1.1;12.3.0;2.1.0;2.3.2;2.5.3;2.8.1;3.1.2;3.4.0;4.2.0;8.2.0;8.3.1;9.0.0;9.1.0;9.3.0;9.5.0
CVE-2021-29430,matrix-org/sydent,89071a1a754c69a50deac89e6bb74002d4cda19d,descriptions/CVE-2021-29430.txt,patches/CVE-2021-29430.patch,4,12,v2.0.0;v2.0.1;v2.1.0;v2.2.0,v2.3.0;v2.4.0;v2.4.2;v2.4.3;v2.4.5;v2.4.6;v2.5.1;v2.5.2;v2.5.4;v2.5.5;v2.6.0;v2.6.1
CVE-2021-29431,matrix-org/sydent,9e573348d81df8191bbe8c266c01999c9d57cd5f,descriptions/CVE-2021-29431.txt,patches/CVE-2021-29431.patch,4,12,v2.0.0;v2.0.1;v2.1.0;v2.2.0,v2.3.0;v2.4.0;v2.4.2;v2.4.3;v2.4.5;v2.4.6;v2.5.1;v2.5.2;v2.5.4;v2.5.5;v2.6.0;v2.6.1
CVE-2021-3116,abhinavsingh/proxy.py,9b00093288237f5073c403f2c4f62acfdfa8ed46,descriptions/CVE-2021-3116.txt,patches/CVE-2021-3116.patch,0,12,,v2.3.1;v2.4.0a5;v2.4.0b1;v2.4.0b6;v2.4.0rc3;v2.4.0rc6;v2.4.0rc9;v2.4.10;v2.4.2;v2.4.4rc2;v2.4.4rc5;v2.4.7
CVE-2021-32670,simonw/datasette,26fc539312bca2551b6f048b6bcf4ffbb491289f,descriptions/CVE-2021-32670.txt,patches/CVE-2021-32670.patch,8,16,0.30;0.34;0.42;0.45a5;0.49a0;0.50.2;0.52.3;0.56,0.16;0.23.1;0.26.2;0.56.1;0.58.1;0.59.4;0.61.1;0.63.2;0.64.6;0.8;1.0a0;1.0a16;1.0a24;1.0a32;1.0a40;1.0a8
CVE-2021-32674,zopefoundation/Zope,1d897910139e2c0b11984fc9b78c1da1365bec21,descriptions/CVE-2021-32674.txt,patches/CVE-2021-32674.patch,12,12,4.0b1;4.0b10;4.0b4;4.0b7;4.1.1;4.2;4.4.1;4.4.4;4.5.2;4.5.5;5.1;5.2,4.6.1;4.8;4.8.5;4.8.9;5.12;5.2.1;5.5.1;5.7.2;5.8.2;5.9;6.0b1;6.2
CVE-2021-32805,dpgaspar/Flask-AppBuilder,6af28521589599b1dbafd6313256229ee9a4fa74,descriptions/CVE-2021-32805.txt,patches/CVE-2021-32805.patch,8,14,v2.0.0;v2.1.4;v2.1.9;v2.2.0;v2.2.4;v2.3.3;v3.2.0;v3.3.1,v1.11.1;v1.12.3;v1.8.1;v1.9.4;v3.3.2;v3.4.2;v4.1.0;v4.1.4;v4.3.0;v4.3.10;v4.3.5;v4.5.1;v4.6.1;v4.7.0
CVE-2021-32839,andialbrecht/sqlparse,8238a9e450ed1524e40cb3a8b0b3c00606903aeb,descriptions/CVE-2021-32839.txt,patches/CVE-2021-32839.patch,2,16,0.4.0;0.4.1,0.1.0;0.1.10;0.1.16;0.1.5;0.2.1;0.3.1;0.4.2;0.4.3;0.4.4;0.5.0;0.5.1;0.5.2;0.5.3;0.5.4;0.5.5;0.6.0
CVE-2021-33503,urllib3/urllib3,2d4a3fee6de2fa45eb82169361918f759269b4ec,descriptions/CVE-2021-33503.txt,patches/CVE-2021-33503.patch,12,18,1.25.11;1.25.4;1.25.5;1.25.6;1.25.7;1.25.8;1.25.9;1.26.0;1.26.1;1.26.2;1.26.3;1.26.4,0.3;1.10;1.15;1.21.1;1.25.3;1.26.12;1.26.16;1.26.20;1.26.5;1.26.9;1.4;2.0.0a3;2.0.2;2.0.6;2.2.1;2.4.0;2.6.1;2.8.0
CVE-2021-33880,aaugustin/websockets,547a26b685d08cac0aa64e5e65f7867ac0ea9bc0,descriptions/CVE-2021-33880.txt,patches/CVE-2021-33880.patch,3,21,8.0.1;9.0;9.0.2,1.0;10.1;10.3;11.0.1;11.0.3;13.0;13.1;14.1;15.0;16.1;17.0;17.1;2.1;2.4;2.6;3.0;3.3;4.0;5.0.1;7.0;9.1
CVE-2021-34141,numpy/numpy,eeef9d4646103c3b1afd3085f1393f2b3f9575b2,descriptions/CVE-2021-34141.txt,patches/CVE-2021-34141.patch,5,19,v1.16.1;v1.17.3;v1.18.5;v1.20.2;v1.21.6,v0.9.6;v1.0;v1.10.2;v1.12.1;v1.14.5;v1.22.0;v1.23.0;v1.23.5;v1.24.4;v1.26.1;v1.5.0;v1.8.0;v2.0.1;v2.2.0;v2.2.5;v2.3.3;v2.4.1;v2.4.6;v2.5.3
CVE-2021-3572,pypa/pip,ca832b2836e0bffa7cf95589acdcd71230f5834e,descriptions/CVE-2021-3572.txt,patches/CVE-2021-3572.patch,7,17,1.5.4;10.0.0;19.1.1;20.0.2;20.2.3;21.0.1;7.0.3,0.3;0.8.1;1.2.1;21.1;21.2.1;21.3.1;22.0.4;22.2;23.0;23.2.1;24.1b1;24.2;25.1;26.0.1;26.2.1;6.0.6;8.1.1
CVE-2021-3702,ansible/ansible-runner,ab6e72ed784bcb18a6e0c91ce4a8c29d201b2988,descriptions/CVE-2021-3702.txt,patches/CVE-2021-3702.patch,1,22,2.0.0,1.0.1;1.0.5;1.3.0;1.3.4;1.4.5;1.4.9;2.0.1;2.0.2;2.0.3;2.0.4;2.1.0;2.1.2;2.1.4;2.2.0;2.2.2;2.3.1;2.3.3;2.3.5;2.3.7;2.3.8;2.4.1;2.4.3
CVE-2021-37839,apache/superset,2bd89d1705347da5446902a3f65eb8d0a6353503,descriptions/CVE-2021-37839.txt,patches/CVE-2021-37839.patch,11,13,0.34.0;0.35.1;0.36.0;0.37.0;0.37.2;0.38.1;1.2.0;1.3.1;1.3.2;1.4.1;1.5.0,1.0.1;1.5.1;2.1.0;2.1.3;3.0.0;3.1.0rc2;3.1.2;4.0.2;4.1.1rc1;4.1.4rc1;5.0.0rc4;6.0.0;6.1.0
CVE-2021-3842,nltk/nltk,2a50a3edc9d35f57ae42a921c621edc160877f4d,descriptions/CVE-2021-3842.txt,patches/CVE-2021-3842.patch,12,12,2.0.1rc1;2.0.3;3.0.0b2;3.0.2;3.0.5;3.2.1;3.2.4;3.4;3.4.4;3.5;3.6.2;3.6.5,v3.10.0;v3.10.1;v3.10.2;v3.10.3;3.6.6;3.6.7;3.7;3.8;3.8.1;3.9;3.9.3;3.9.4
CVE-2021-3994,django-helpdesk/django-helpdesk,a22eb0673fe0b7784f99c6b5fd343b64a6700f06,descriptions/CVE-2021-3994.txt,patches/CVE-2021-3994.patch,2,22,0.3.0b1;0.3.1,0.1.15;0.1.18;0.2.1;0.2.11;0.2.13;0.2.16;0.2.19;0.2.22;0.2.5;0.2.8;0.3.2;0.3.5;0.5.0;v1.1.0;v1.3.1;v1.6.0;v1.7.0;v2.0.2;v2.2.0;v2.3.1;v2.4.0;v2.5.0
CVE-2021-41125,scrapy/scrapy,b01d69a1bf48060daec8f751368622352d8b85a6,descriptions/CVE-2021-41125.txt,patches/CVE-2021-41125.patch,12,12,0.16.0;0.18.1;0.22.0;0.24.4;0.7;1.0.1;1.1.0rc2;1.1.4;1.3.2;1.7.0;2.0.1;2.5.0,1.8.1;1.8.4;2.11.0;2.12.0;2.13.2;2.14.0;2.15.0;2.16.0;2.19.0;2.6.1;2.7.0;2.9.0
CVE-2021-41132,ome/omero-web,0168067accde5e635341b3c714b1d53ae92ba424,descriptions/CVE-2021-41132.txt,patches/CVE-2021-41132.patch,11,13,v5.6.0;v5.6.1;v5.6.3;v5.6.dev1;v5.6.dev2;v5.6.dev4;v5.6.dev6;v5.7.1;v5.8.1;v5.9.0;v5.9.2,v5.11.0;v5.13.0;v5.15.0;v5.18.0;v5.21.0;v5.23.0;v5.26.0;v5.27.2;v5.29.1;v5.30.0;v5.31.1;v5.33.1;v5.5.dev1
CVE-2021-4118,pytorchlightning/pytorch-lightning,62f1e82e032eb16565e676d39e0db0cac7e34ace,descriptions/CVE-2021-4118.txt,patches/CVE-2021-4118.patch,5,19,1.2.0rc2;1.2.10;1.3.6;1.4.4;1.5.3,0.0.2;0.10.0;0.3.3;0.4.7;0.6.0;1.1.1;1.6.0;1.6.0rc1;1.7.0rc1;1.7.7;1.8.3;1.8.6;2.0.0rc0;2.0.5;2.1.2;2.2.4;2.5.0;2.5.3;2.6.6
CVE-2021-4171,janeczku/calibre-web,3e0d8763c377d2146462811e3e4ccf13f0d312ce,descriptions/CVE-2021-4171.txt,patches/CVE-2021-4171.patch,3,12,0.6.12;0.6.13;0.6.14,0.6.15;0.6.16;0.6.17;0.6.18;0.6.19;0.6.20;0.6.22;0.6.23;0.6.24;0.6.25;0.6.26;0.6.27
CVE-2021-42134,adamghill/django-unicorn,3a832a9e3f6455ddd3b87f646247269918ad10c6,descriptions/CVE-2021-42134.txt,patches/CVE-2021-42134.patch,12,12,0.1.0;0.10.0;0.13.0;0.16.0;0.18.1;0.23.0;0.27.2;0.3.0;0.32.0;0.36.0;0.6.2;0.8.0,0.36.1;0.38.0;0.41.0;0.42.1;0.44.1;0.48.0;0.50.0;0.54.0;0.57.0;0.59.0;0.64.0;0.67.0
CVE-2021-42250,apache/superset,6d1fbb06682c92c0f824a761e1b8984b26eb58bf,descriptions/CVE-2021-42250.txt,patches/CVE-2021-42250.patch,3,21,1.1.0;1.3.0;1.3.1,0.34.0;0.34.1;0.35.2;0.36.0;0.37.0;0.37.2;0.38.0;1.0.0;1.0.1;1.3.2;1.5.2;2.1.1rc2;3.0.0rc2;3.0.3;3.1.0;4.0.0rc2;4.1.0rc4;4.1.3rc1;5.0.0rc3;6.0.0rc4;6.1.0
CVE-2021-43775,aimhubio/aim,f01266a1a479ef11d7d6c539e7dd89e9d5639738,descriptions/CVE-2021-43775.txt,patches/CVE-2021-43775.patch,3,21,v3.0.1;v3.0.4;v3.0.7,v2.0.19;v2.0.22;v2.0.25;v2.1.0;v2.1.3;v2.1.6;v2.4.0;v2.7.0;v2.7.3;v3.1.0;v3.11.1;v3.13.2;v3.15.0;v3.17.1;v3.19.2;v3.25.0;v3.3.3;v3.5.2;v3.7.1;v3.9.2;v4.0.3
CVE-2021-43811,awslabs/sockeye,ab30839d2ae781e2803fba655c0510f89d715e9a,descriptions/CVE-2021-43811.txt,patches/CVE-2021-43811.patch,12,12,1.10.1;1.15.7;1.17.0;1.18.13;1.18.22;1.18.47;1.18.5;1.18.67;1.18.97;2.1.16;2.3.2;2.3.22,2.3.24;3.0.13;3.0.4;3.0.7;3.1.0;3.1.10;3.1.14;3.1.29;3.1.31;3.1.34;3.1.4;3.1.7
CVE-2021-43831,gradio-app/gradio,41bd3645bdb616e1248b2167ca83636a2653f781,descriptions/CVE-2021-43831.txt,patches/CVE-2021-43831.patch,2,13,v2.3.6;v2.4.0,v0.3.3;v2.6.0;v3.1.3a2;v3.12.0b7;v3.16.0;v3.18.1b3;v3.2.1b0;v3.22.1b1;v3.27.0;v3.33.1;v3.4.1;v3.41.0;v3.8.1
CVE-2021-43854,nltk/nltk,1405aad979c6b8080dbbc8e0858f89b2e3690341,descriptions/CVE-2021-43854.txt,patches/CVE-2021-43854.patch,12,12,2.0.1rc1;2.0.3;3.0.0b2;3.0.2;3.0.5;3.2.1;3.2.4;3.4;3.4.4;3.5;3.6.2;3.6.5,v3.10.0;v3.10.1;v3.10.2;v3.10.3;3.6.6;3.6.7;3.7;3.8;3.8.1;3.9;3.9.3;3.9.4
CVE-2021-43857,Gerapy/Gerapy,49bcb19be5e0320e7e1535f34fe00f16a3cf3b28,descriptions/CVE-2021-43857.txt,patches/CVE-2021-43857.patch,9,10,v0.8.6rc2;v0.8.7;v0.9.0;v0.9.2rc1;v0.9.3;v0.9.3a1;v0.9.3b1;v0.9.6a1;v0.9.7,v0.7.8;v0.8.3;0.8.5;v0.9.10;v0.9.10rc1;v0.9.11;v0.9.12;v0.9.13;v0.9.8;v0.9.9
CVE-2022-0273,janeczku/calibre-web,0c0313f375bed7b035c8c0482bbb09599e16bfcf,descriptions/CVE-2022-0273.txt,patches/CVE-2022-0273.patch,4,12,0.6.12;0.6.13;0.6.14;0.6.15,0.6.16;0.6.17;0.6.18;0.6.19;0.6.20;0.6.21;0.6.22;0.6.23;0.6.24;0.6.25;0.6.26;0.6.27
CVE-2022-0430,httpie/httpie,65ab7d5caaaf2f95e61f9dd65441801c2ddee38b,descriptions/CVE-2022-0430.txt,patches/CVE-2022-0430.patch,9,9,0.3.0;0.5.0;0.8.0;0.9.2;0.9.7;1.0.2;2.2.0;2.5.0;3.0.2,0.1.4;0.2.1;0.2.4;3.1.0;3.2.0;3.2.1;3.2.2;3.2.3;3.2.4
CVE-2022-0577,scrapy/scrapy,8ce01b3b76d4634f55067d6cfdf632ec70ba304a,descriptions/CVE-2022-0577.txt,patches/CVE-2022-0577.patch,11,13,0.16.1;0.18.2;0.22.2;0.7;1.0.0rc1;1.0.4;1.1.0;1.2.2;1.5.1;1.8.0;2.1.0,2.10.0;2.11.1;2.12.0;2.13.2;2.13.4;2.14.2;2.15.1;2.17.0;2.19.0;2.6.0;2.6.1;2.6.3;2.8.0
CVE-2022-0697,archivy/archivy,2d8cb29853190d42572b36deb61127e68d6be574,descriptions/CVE-2022-0697.txt,patches/CVE-2022-0697.patch,9,10,v0.7.0;v0.8.0;v0.8.5;v0.9.3;v1.0.0rc2;v1.1.0;v1.1.4;v1.4.0;v1.7.0,v0.0.4;v0.1.0;v0.4.1;v1.7.1;v1.7.2;v1.7.3;v1.7.4;v1.7.5;v1.7.6;v1.7.7
CVE-2022-0766,janeczku/calibre-web,965352c8d96c9eae7a6867ff76b0db137d04b0b8,descriptions/CVE-2022-0766.txt,patches/CVE-2022-0766.patch,5,11,0.6.12;0.6.13;0.6.14;0.6.15;0.6.16,0.6.17;0.6.18;0.6.19;0.6.20;0.6.21;0.6.22;0.6.23;0.6.24;0.6.25;0.6.26;0.6.27
CVE-2022-0767,janeczku/calibre-web,965352c8d96c9eae7a6867ff76b0db137d04b0b8,descriptions/CVE-2022-0767.txt,patches/CVE-2022-0767.patch,5,11,0.6.12;0.6.13;0.6.14;0.6.15;0.6.16,0.6.17;0.6.18;0.6.19;0.6.20;0.6.21;0.6.22;0.6.23;0.6.24;0.6.25;0.6.26;0.6.27
CVE-2022-0845,pytorchlightning/pytorch-lightning,8b7a12c52e52a06408e9231647839ddb4665e8ae,descriptions/CVE-2022-0845.txt,patches/CVE-2022-0845.patch,6,18,1.1.1;1.2.0rc2;1.2.10;1.3.6;1.4.4;1.5.3,0.0.2;0.10.0;0.3.3;0.4.7;0.6.0;1.6.0;1.6.0rc1;1.7.0rc1;1.7.7;1.8.3;1.8.6;2.0.0rc0;2.0.5;2.1.2;2.2.4;2.5.0;2.5.3;2.6.6
CVE-2022-0932,saleor/saleor,521dfd6394f3926a77c60d8633c058e16d0f916d,descriptions/CVE-2022-0932.txt,patches/CVE-2022-0932.patch,1,0,2.10.1,
CVE-2022-1430,octoprint/octoprint,8087528e4a7ddd15c7d95ff662deb5ef7de90045,descriptions/CVE-2022-1430.txt,patches/CVE-2022-1430.patch,7,17,1.5.0rc2;1.5.2;1.6.0rc2;1.7.0rc1;1.7.1;1.8.0rc1;1.8.0rc5,1.10.0rc4;1.10.3;1.11.0;1.11.0rc4;1.11.5;1.3.11;1.4.0rc1;1.4.0rc4;1.4.1;1.4.1rc1;1.8.0;1.8.4;1.9.0rc1;1.9.0rc6;1.9.3;2.0.0rc1;2.0.0rc5
CVE-2022-1592,clinical-genomics/scout,b0ef15f4737d0c801154c1991b52ff5cab4f5c83,descriptions/CVE-2022-1592.txt,patches/CVE-2022-1592.patch,5,19,v4.31.1;v4.36;v4.42;v4.46.1;v4.51,v1.2.0;4.1.2;v4.107.1;v4.109.3;4.11;v4.114.0;4.15.1;v4.23;v4.28;v4.52;v4.57.4;v4.62.1;v4.69;v4.7.3;v4.73;v4.79.1;v4.85;v4.90;v4.94.1
CVE-2022-2111,inventree/inventree,26bf51c20a1c9b3130ac5dd2e17649bece5ff84f,descriptions/CVE-2022-2111.txt,patches/CVE-2022-2111.patch,12,12,0.0.3;v0.0.5;v0.0.7;0.0.8;0.0.9;0.1.1;0.1.2;0.1.4;0.2.4;0.4.4;0.6.1;0.7.1,0.11.0;0.12.0;0.12.2;0.13.2;0.13.5;0.17.0;0.17.2;0.17.5;0.7.2;0.8.1;0.8.3;0.9.2
CVE-2022-2112,inventree/inventree,26bf51c20a1c9b3130ac5dd2e17649bece5ff84f,descriptions/CVE-2022-2112.txt,patches/CVE-2022-2112.patch,12,12,0.0.3;v0.0.5;v0.0.7;0.0.8;0.0.9;0.1.1;0.1.2;0.1.4;0.2.4;0.4.4;0.6.1;0.7.1,0.11.0;0.12.0;0.12.2;0.13.2;0.13.5;0.17.0;0.17.2;0.17.5;0.7.2;0.8.1;0.8.3;0.9.2
CVE-2022-21659,dpgaspar/Flask-AppBuilder,0bcb798f65f6b09a81913915bbd450fd8dcd1ff9,descriptions/CVE-2022-21659.txt,patches/CVE-2022-21659.patch,12,10,v1.12.0;v1.12.5;v1.8.1;v1.9.4;v2.1.13;v2.1.2;v2.1.7;v2.2.3;v2.3.4;v3.2.1;v3.3.3;v3.4.3,v3.4.4;v4.1.1;v4.1.5;v4.3.1;v4.3.5;v4.3.9;v4.4.1;v4.5.3;v4.6.2;v4.8.1
CVE-2022-21797,joblib/joblib,b90f10efeb670a2cc877fb88ebb3f2019189e059,descriptions/CVE-2022-21797.txt,patches/CVE-2022-21797.patch,11,12,0.11;0.12.5;0.14.0;0.17.0;0.5.7;0.6.2;0.7.0b;0.8.0a2;0.8.3;0.9.0b3;0.9.4,1.1.1;1.2.0;1.3.0;1.3.1;1.3.2;1.4.0;1.4.2;1.5.0;1.5.1;1.5.2;1.5.3;1.6.0
CVE-2022-23522,mindsdb/mindsdb,4419b0f0019c000db390b54d8b9d06e1d3670039,descriptions/CVE-2022-23522.txt,patches/CVE-2022-23522.patch,6,18,v22.11.4.2;v22.11.4.3;v22.2.4.0;v22.4.5.0;v22.7.3.1;v22.8.5.0,v0.8.8;v2.12.0;2.22.0;v2.40.0;v2.52.0;v2.60.1;v2.7.0;v23.3.3.0;v23.5.4.1;v23.9.2.0;v24.10.3.0;v24.12.4.0;v24.3.4.1;v24.7.4.0;v25.11.0;v25.3.4.0;v25.6.3.1;v26.1.0
CVE-2022-23530,DataDog/guarddog,37c7d0767ba28f4df46117d478f97652594c491c,descriptions/CVE-2022-23530.txt,patches/CVE-2022-23530.patch,6,12,v0.1.1;v0.1.3;v0.1.4;v0.1.5;v0.1.6;v0.1.7,v0.1.8;v1.0.2;v1.11.0;v1.2;v1.5.1;v1.5.6;v1.8.0;v2.0.2;v2.1.0;v2.6.0;v3.0.0a1;v3.1.0
CVE-2022-23531,DataDog/guarddog,a56aff58264cb6b7855d71b00dc10c39a5dbd306,descriptions/CVE-2022-23531.txt,patches/CVE-2022-23531.patch,3,12,v0.1.1;v0.1.3;v0.1.4,v0.1.5;v1.0.0;v1.1.2;v1.10.0;v1.4.0;v1.5.4;v1.7.0;v2.0.1;v2.0.6;v2.10.0;v2.6.0;v3.1.0
CVE-2022-23651,Backblaze/b2-sdk-python,62476638986e5b6d7459aca5ef8ce220760226e0,descriptions/CVE-2022-23651.txt,patches/CVE-2022-23651.patch,12,12,v0.1.4;v0.1.8;v1.0.2;v1.1.0;v1.1.4;v1.10.0;v1.12.0;v1.14.0;v1.3.0;v1.5.0;v1.7.0;v1.9.0,v1.14.1;v1.17.2;v1.20.0;v1.24.0;v1.27.0;v1.31.0;v2.1.0;v2.10.2;v2.13.0;v2.4.1;v2.7.0;v2.9.3
CVE-2022-24710,WeblateOrg/weblate,f6753a1a1c63fade6ad418fbda827c6750ab0bda,descriptions/CVE-2022-24710.txt,patches/CVE-2022-24710.patch,9,15,weblate-1.9;weblate-3.10.1;weblate-3.2;weblate-3.6;weblate-4.0;weblate-4.10.1;weblate-4.2.1;weblate-4.5;weblate-4.7,weblate-2.13;weblate-2.18;weblate-2.7;weblate-2026.5;weblate-2026.9.1;weblate-4.11;weblate-4.14;weblate-4.16.2;weblate-5.0.1;weblate-5.10.3;weblate-5.13;weblate-5.15;weblate-5.4;weblate-5.5.5;weblate-5.8.2
CVE-2022-24737,httpie/httpie,65ab7d5caaaf2f95e61f9dd65441801c2ddee38b,descriptions/CVE-2022-24737.txt,patches/CVE-2022-24737.patch,9,9,0.3.0;0.5.0;0.8.0;0.9.2;0.9.7;1.0.2;2.2.0;2.5.0;3.0.2,0.1.4;0.2.1;0.2.4;3.1.0;3.2.0;3.2.1;3.2.2;3.2.3;3.2.4
CVE-2022-24757,jupyter-server/jupyter_server,a5683aca0b0e412672ac6218d09f74d44ca0de5a,descriptions/CVE-2022-24757.txt,patches/CVE-2022-24757.patch,12,12,0.0.1;0.2.0;1.0.0rc12;1.0.0rc5;1.0.2;1.0.9;v1.10.2;v1.13.2;v1.15.3;1.2.0;1.5.0;v1.7.0a1,v1.15.4;v1.18.1;v1.23.3;v2.0.0b0;v2.0.0rc5;v2.0.3;v2.11.0;v2.12.5;v2.17.0;v2.2.1;v2.21.1;v2.7.2
CVE-2022-24840,codingjoe/django-s3file,68ccd2c621a40eb66fdd6af2be9d5fcc9c373318,descriptions/CVE-2022-24840.txt,patches/CVE-2022-24840.patch,8,15,3.0.0;3.0.4;4.0.1;5.0.0;5.0.4;5.1.0;5.2.0;5.5.0,0.5.1;0.5.4;1.0.1;1.2.0;5.5.1;5.5.2;5.5.3;5.5.4;5.5.5;5.5.7;6.0.1;7.0.0;7.0.1;7.0.2;7.0.3
CVE-2022-2514,beancount/fava,ca9e3882c7b5fbf5273ba52340b9fea6a99f3711,descriptions/CVE-2022-2514.txt,patches/CVE-2022-2514.patch,12,12,v1.10;v1.12;v1.13;v1.15;v1.17;v1.19;v1.20;v1.21;v1.3;v1.5;v1.6;v1.8,v1.22;v1.23;v1.24.1;v1.25;v1.26.2;v1.27;v1.28;v1.30.1;v1.30.12;v1.30.16;v1.30.5;v1.30.9
CVE-2022-26184,python-poetry/poetry-core,fa9cb6f358ae840885c700f954317f34838caba7,descriptions/CVE-2022-26184.txt,patches/CVE-2022-26184.patch,6,18,1.0.0a2;1.0.0a4;1.0.0b1;1.0.1;1.0.3;1.1.0a2,1.0.5;1.0.6;1.0.8;1.1.0;1.1.0b1;1.1.0b3;1.2.0;1.3.1;1.5.0;1.6.0;1.7.0;1.8.1;2.1.0;2.1.2;2.2.0;2.3.0;2.4.0;2.5.0
CVE-2022-2930,octoprint/octoprint,1453076ee3e47fcab2dc73664ec2d61d3ef7fc4f,descriptions/CVE-2022-2930.txt,patches/CVE-2022-2930.patch,12,12,1.3.11;1.4.0rc1;1.4.0rc5;1.4.1rc2;1.4.2;1.5.0;1.5.3;1.6.0;1.7.0rc3;1.7.3;1.8.0rc4;1.8.2,1.10.0rc2;1.10.1;1.11.0rc1;1.11.0rc5;1.11.1;1.11.5;1.8.3;1.8.7;1.9.0rc4;1.9.1;2.0.0rc1;2.0.0rc5
CVE-2022-3068,octoprint/octoprint,ef95ef1c101b79394f134e8fce000e6bae046571,descriptions/CVE-2022-3068.txt,patches/CVE-2022-3068.patch,2,22,1.8.0rc4;1.8.2,1.10.0rc2;1.10.1;1.11.0rc1;1.11.0rc5;1.11.1;1.11.5;1.3.11;1.4.0rc1;1.4.0rc5;1.4.1rc2;1.4.2;1.5.0;1.5.3;1.6.0;1.7.0rc3;1.7.3;1.8.3;1.8.7;1.9.0rc4;1.9.1;2.0.0rc1;2.0.0rc5
CVE-2022-3274,ikus060/rdiffweb,e974df75bdbcff3996ad70bd1b4424ec1485ea3f,descriptions/CVE-2022-3274.txt,patches/CVE-2022-3274.patch,12,12,0.10.2;0.10.7;0.9.3;1.0.2;1.2.1;1.3.2;2.0.2;2.2.1;2.3.3;2.3.8;2.4.2;2.4.6,2.10.6;2.11.4;2.4.11;2.4.7;2.5.4;2.6.0;2.8.1;2.8.6;2.9.0a3;2.9.4;7.0.1;7.1.1
CVE-2022-33891,py-pdf/pypdf,b0e5c689df689ab173df84dacd77b6fc3c161932,descriptions/CVE-2022-33891.txt,patches/CVE-2022-33891.patch,15,7,2.1.1;2.3.0;2.3.1;2.4.0;2.4.1;2.4.2;3.0.0;3.2.0;3.2.1;3.3.0;3.4.0;3.4.1;3.5.0;3.5.1;3.5.2,2.2.0;2.2.1;4.0.0;4.0.1;4.0.2;4.1.0;4.2.0
CVE-2022-35918,streamlit/streamlit,80d9979d5f4a00217743d607078a1d867fad8acf,descriptions/CVE-2022-35918.txt,patches/CVE-2022-35918.patch,12,18,0.63.0;0.65.2;0.68.1;0.71.0;0.74.1;0.79.0;0.84.0;0.86.0;1.1.0;1.11.0;1.5.0;1.8.1,0.24.0;0.37.0;0.47.3;0.55.0;0.62.1;0.9.0;1.11.1;1.15.1;1.22.0;1.27.0;1.31.0;1.35.0;1.40.2;1.43.2;1.47.1;1.52.1;1.59.0;1.64.0
CVE-2022-36069,python-poetry/poetry-core,cc84be60ac9af549664051c2684621db51d05ff1,descriptions/CVE-2022-36069.txt,patches/CVE-2022-36069.patch,6,18,1.0.0a2;1.0.0a4;1.0.0b1;1.0.1;1.0.3;1.1.0a2,1.0.5;1.0.6;1.0.8;1.1.0;1.1.0b1;1.1.0b3;1.2.0;1.3.1;1.5.0;1.6.0;1.7.0;1.8.1;2.1.0;2.1.2;2.2.0;2.3.0;2.4.0;2.5.0
CVE-2022-3607,octoprint/octoprint,3cca3a43f3d085e9bbe5a5840c8255bb1b5d052e,descriptions/CVE-2022-3607.txt,patches/CVE-2022-3607.patch,12,12,1.3.11;1.4.0rc1;1.4.0rc5;1.4.1rc2;1.4.2;1.5.0;1.5.3;1.6.0;1.7.0rc3;1.7.3;1.8.0rc4;1.8.2,1.10.0rc2;1.10.1;1.11.0rc1;1.11.0rc5;1.11.1;1.11.5;1.8.3;1.8.7;1.9.0rc4;1.9.1;2.0.0rc1;2.0.0rc5
CVE-2022-39348,twisted/twisted,f49041bb67792506d85aeda9cf6157e92f8048f4,descriptions/CVE-2022-39348.txt,patches/CVE-2022-39348.patch,12,12,twisted-10.1.0;twisted-12.1.0;twisted-14.0.0;twisted-15.2.1;twisted-16.1.0;twisted-16.4.0;twisted-17.5.0;twisted-19.2.1;twisted-21.7.0rc1;twisted-22.1.0;twisted-22.8.0;twisted-8.0.0,twisted-22.10.0rc1;twisted-23.10.0;twisted-23.8.0;twisted-23.8.0rc1;twisted-24.10.0;twisted-24.11.0rc2;twisted-24.3.0;twisted-24.7.0;twisted-24.7.0rc2;twisted-25.5.0;twisted-25.5.0rc1;twisted-26.4.0
CVE-2022-40754,apache/airflow,471ff463be8812efcebcba4e430631f255f74f26,descriptions/CVE-2022-40754.txt,patches/CVE-2022-40754.patch,13,12,2.3.0;2.3.0rc2;2.3.1;2.3.1rc1;2.3.2;2.3.2rc1;2.3.2rc2;2.3.3;2.3.3rc2;2.3.3rc3;2.3.4;2.3.4rc1;2.4.0b1,1.10.10;1.10.4rc4;1.8.1;2.0.0rc1;2.10.0;2.11.2;2.2.0b1;2.4.0rc1;2.5.2rc2;2.6.2rc1;2.8.0b1;2.9.0b1
CVE-2022-41323,django/django,5b6b257fa7ec37ff27965358800c67e2dd11c924,descriptions/CVE-2022-41323.txt,patches/CVE-2022-41323.patch,15,15,1.11.24;2.2.12;3.2;3.2.11;3.2.14;3.2.2;3.2.5;3.2.7;3.2.9;3.2rc1;4.0;4.0.2;4.0.4;4.0.7;4.1.1,1.0.1;1.5.7;1.9b1;3.2.16;4.0.8;4.1.8;4.2.17;4.2.29;4.2.4;5.0.8;5.1.15;5.1.2;5.2.9;6.0;6.1.1
CVE-2022-42965,snowflakedb/snowflake-connector-python,b9d2fc789fae4db865dde3d2a1bd72c8a9eab091,descriptions/CVE-2022-42965.txt,patches/CVE-2022-42965.patch,12,12,v1.4.15;v1.4.5;v1.5.7;v1.6.8;v1.7.5;v1.8.4;v2.1.2;v2.2.8;v2.3.7;v2.4.6;v2.7.4;v2.8.1,v2.8.2;v3.0.2;v3.1.1;v3.10.1;v3.12.4;v3.14.1;v3.17.3;v3.3.1;v3.7.1;v4.1.0;v4.6.0;v4.7.4
CVE-2022-43718,apache/superset,4c21c7b038534fda60e93680b9597c02cf5b61f1,descriptions/CVE-2022-43718.txt,patches/CVE-2022-43718.patch,17,7,0.34.0;0.35.1;0.36.0;0.37.1;0.38.0;1.0.0;1.2.0;1.3.1;1.4.0;1.4.2;1.5.1;2.0.0;2.1.1rc3;3.0.0rc2;3.0.3;3.1.0rc4;4.0.0rc1,1.5.3;4.1.0rc2;4.1.1;4.1.4rc1;5.0.0;6.0.0;6.1.0
CVE-2022-4495,collective/collective.dms.basecontent,6c4d616fcc771822a14ebae5e23f3f6d96d134bd,descriptions/CVE-2022-4495.txt,patches/CVE-2022-4495.patch,10,13,0.3;0.4;0.5;0.6;1.0;1.1;1.2;1.3;1.5;1.6,0.1;0.1.1;1.10;1.11;1.12;1.13;1.7;1.8;1.9;2.0.0;2.0.1;2.0.2;2.0.3
CVE-2022-45582,openstack/horizon,2f600272bfffb3024e6f06a369f9b4768dd1a0b0,descriptions/CVE-2022-45582.txt,patches/CVE-2022-45582.patch,13,12,12.0.2;14.0.0.0rc1;15.0.0;16.2.0;18.3.4;19.3.0;20.0.0;20.1.0;20.1.1;20.1.2;20.1.3;20.2.0;22.1.0,19.4.0;20.1.4;23.0.1;23.1.1;23.3.1;24.0.1;25.1.1;25.3.0;25.4.0;25.5.2;25.7.2;27.0.0
CVE-2022-4728,graphite-project/graphite-web,2f178f490e10efc03cd1d27c72f64ecab224eb23,descriptions/CVE-2022-4728.txt,patches/CVE-2022-4728.patch,10,2,0.9.11;0.9.14;0.9.16;0.9.9;1.0.2;1.1.1;1.1.10;1.1.3;1.1.5;1.1.7,0.9.5;0.9.7c
CVE-2022-4729,graphite-project/graphite-web,2f178f490e10efc03cd1d27c72f64ecab224eb23,descriptions/CVE-2022-4729.txt,patches/CVE-2022-4729.patch,6,6,1.0.2;1.1.1;1.1.10;1.1.3;1.1.5;1.1.7,0.9.11;0.9.14;0.9.16;0.9.5;0.9.7c;0.9.9
CVE-2022-4730,graphite-project/graphite-web,2f178f490e10efc03cd1d27c72f64ecab224eb23,descriptions/CVE-2022-4730.txt,patches/CVE-2022-4730.patch,10,2,0.9.11;0.9.14;0.9.16;0.9.9;1.0.2;1.1.1;1.1.10;1.1.3;1.1.5;1.1.7,0.9.5;0.9.7c
CVE-2023-23931,pyca/cryptography,94a50a9731f35405f0357fa5f3b177d46a726ab3,descriptions/CVE-2023-23931.txt,patches/CVE-2023-23931.patch,12,18,1.8;2.0.1;2.1.3;2.3;2.6;2.9.1;3.2.1;3.4.1;3.4.7;36.0.2;38.0.0;39.0.0,0.1;0.5.3;0.8.2;1.1.2;1.3.4;1.7.2;39.0.1;41.0.0;41.0.4;42.0.1;42.0.5;43.0.1;44.0.2;45.0.3;45.0.7;46.0.4;47.0.0;50.0.1
CVE-2023-25392,allegro/bigflow,7e956661f76907594e8c82e8fb0af76dbea2a0fc,descriptions/CVE-2023-25392.txt,patches/CVE-2023-25392.patch,11,11,1.0b1;1.1.0a2;1.1.1;1.2.0b1;1.3.0.dev3;1.3.0.dev7;1.3.3;1.4.1.dev0;1.4.1.dev4;1.4.2.dev3;1.5.4,0.1.0;1.10.0;1.11.0;1.11.1;1.11.3;1.6.0;1.7.0;1.7.1;1.7.2;1.8.0;1.9.0
CVE-2023-26043,GeoNode/geonode,2fdfe919f299b21f1609bf898f9dcfde58770ac0,descriptions/CVE-2023-26043.txt,patches/CVE-2023-26043.patch,11,13,2.0b31;2.0b50;2.0c4;2.4a11;2.4a30;2.4b12;2.4c2;2.6a1;2.8rc10;3.1.1;4.0.2,2.0b4;4.0.3;4.1.1;4.1.4;4.2.0;4.2.2;4.2.4;4.3.1;4.4.1;4.4.3;4.4.5;5.0.2;5.1.0
CVE-2023-26150,FreeOpcUa/opcua-asyncio,b4106dfd5037423c9d1810b48a97296b59cde513,descriptions/CVE-2023-26150.txt,patches/CVE-2023-26150.patch,12,12,0.5.0;0.6.0;0.8.1;0.8.3;0.9.0;v0.9.10;v0.9.12;0.9.2;v0.9.8;v0.9.90;v0.9.93;v0.9.95,v0.9.96;v0.9.98;v1.0.1;v1.0.3;v1.0.5a3;v1.0.6;v1.1.1;v1.1.3;v1.1.5;v1.1.8;v1.2b2;v2.0.1
CVE-2023-26151,FreeOpcUa/opcua-asyncio,f6603daa34a93a658f0e176cb0b9ee5a6643b262,descriptions/CVE-2023-26151.txt,patches/CVE-2023-26151.patch,12,12,0.5.0;0.6.0;0.8.1;0.8.3;0.9.0;v0.9.10;v0.9.12;0.9.2;v0.9.8;v0.9.90;v0.9.93;v0.9.95,v0.9.96;v0.9.98;v1.0.1;v1.0.3;v1.0.5a3;v1.0.6;v1.1.1;v1.1.3;v1.1.5;v1.1.8;v1.2b2;v2.0.1
CVE-2023-26302,executablebooks/markdown-it-py,53ca3e9c2b9e9b295f6abf7f4ad2730a9b70f68c,descriptions/CVE-2023-26302.txt,patches/CVE-2023-26302.patch,12,5,v0.1.0;v0.2.2;v0.3.1;v0.4.1;v0.4.4;v0.4.8;v0.5.1;v0.5.5;v0.5.8;v1.0.0;v1.0.0b1;v2.1.0,v2.2.0;v3.0.0;v4.0.0;v4.1.0;v4.2.0
CVE-2023-26303,executablebooks/markdown-it-py,ae03c6107dfa18e648f6fdd1280f5b89092d5d49,descriptions/CVE-2023-26303.txt,patches/CVE-2023-26303.patch,11,6,v0.1.0;v0.2.2;v0.3.1;v0.4.1;v0.4.8;v0.5.1;v0.5.5;v0.5.8;v1.0.0;v1.0.0b1;v2.1.0,v0.4.4;v2.2.0;v3.0.0;v4.0.0;v4.1.0;v4.2.0
CVE-2023-27494,streamlit/streamlit,afcf880c60e5d7538936cc2d9721b9e1bc02b075,descriptions/CVE-2023-27494.txt,patches/CVE-2023-27494.patch,13,17,0.62.1;0.63.0;0.64.0;0.65.2;0.67.0;0.68.0;0.69.1;0.70.0;0.73.0;0.74.0;0.75.0;0.78.0;0.80.0,0.24.0;0.37.0;0.47.3;0.55.0;0.81.0;0.88.0;0.9.0;1.12.2;1.19.0;1.27.0;1.32.1;1.39.1;1.43.2;1.49.0;1.56.0;1.64.0;1.7.0
CVE-2023-2780,mlflow/mlflow,fae77a525dd908c56d6204a4cef1c1c75b4e9857,descriptions/CVE-2023-2780.txt,patches/CVE-2023-2780.patch,8,16,v1.11.0;v1.14.1;v1.20.0;v1.23.1;v1.27.0;v1.7.1;v2.0.1;v2.3.0,v0.2.0;v0.5.0;v0.8.1;v1.2.0;v2.11.3;v2.14.3;v2.17.2;v2.20.4;v2.22.3;v2.3.1;v2.8.1;v3.1.1;v3.11.1;v3.16.1;v3.4.0rc0;v3.8.0rc0
CVE-2023-28458,pretalx/pretalx,60722c43cf975f319e94102e6bff320723776890,descriptions/CVE-2023-28458.txt,patches/CVE-2023-28458.patch,3,16,v1.1.2;v2.3.0;v2.3.1,v0.1.0;v0.4.1;v0.7.1;v1.0.2;v2.3.2;v2023.1.1;v2023.1.2;v2024.1.0;v2024.2.1;v2024.3.0;v2025.1.0;v2025.2.0;v2025.2.2;v2026.1.1;v2026.1.2;v2026.2.1
CVE-2023-28459,pretalx/pretalx,60722c43cf975f319e94102e6bff320723776890,descriptions/CVE-2023-28459.txt,patches/CVE-2023-28459.patch,4,20,v1.1.1;v2.0.0;v2.2.0;v2.3.1,v0.1.0;v0.3.0;v0.4.1;v0.6.0;v0.7.0;v0.9.0;v1.0.1;v1.0.4;v2.3.2;v2023.1.1;v2023.1.2;v2024.1.0;v2024.2.1;v2024.3.0;v2025.1.0;v2025.2.0;v2025.2.2;v2026.1.1;v2026.1.2;v2026.2.1
CVE-2023-28836,wagtail/wagtail,5be2b1ed55fd7259dfdf2c82e7701dba407b8b62,descriptions/CVE-2023-28836.txt,patches/CVE-2023-28836.patch,13,17,v1.12.3;v1.5;v1.5rc1;v1.8.2;v2.0.2;v2.10rc2;v2.12rc1;v2.13.3;v2.15.5;v2.3;v2.7;v3.0.3;v4.2.1,v0.1;v0.7;v0.8.7;v1.0;v1.4rc1;v4.1.4;v4.2.4;v5.1;v5.2.4;v6.0.3;v6.1.3;v6.3.2;v6.4.1;v7.0.6;v7.2rc1;v7.3.3;v8.0
CVE-2023-28837,wagtail/wagtail,cfa11bbe00dbe7ce8cd4c0bbfe2a898a690df2bf,descriptions/CVE-2023-28837.txt,patches/CVE-2023-28837.patch,1,23,v4.2.1,v0.1;v0.8.9;v1.12.5;v1.4.3;v1.8;v2.1.3;v2.10rc1;v2.12.2;v2.14.2;v2.6.2;v3.0rc3;v4.1.4;v4.2.4;v5.1;v5.2.4;v6.0.3;v6.1.3;v6.3.2;v6.4.1;v7.0.6;v7.2rc1;v7.3.3;v8.0
CVE-2023-28858,redis/redis-py,b3c89acd0ffe8303649ad8207bc911b1d6a033eb,descriptions/CVE-2023-28858.txt,patches/CVE-2023-28858.patch,13,17,v4.2.0;v4.2.0rc3;v4.2.1;v4.3.0;v4.3.1;v4.3.2;v4.3.3;v4.3.5;v4.4.0;v4.4.1;v4.4.2;v4.5.1;v4.5.2,2.4.6;2.7.2;3.0.0;3.3.8;v4.0.0rc2;v4.3.6;v4.4.4;v5.0.0b3;v5.0.2;v5.0.8;v5.1.0b6;v5.3.0b1;v6.0.0b2;v6.4.0;v7.1.0;v7.4.0;v8.1.0
CVE-2023-28859,redis/redis-py,7bebfe526e22a6e6ea37150598ccd2ee4105e38f,descriptions/CVE-2023-28859.txt,patches/CVE-2023-28859.patch,21,9,v4.2.0;v4.2.0rc3;v4.2.2;v4.3.1;v4.3.3;v4.3.5;v4.4.0rc1;v4.4.0rc2;v4.4.0rc4;v4.4.1;v4.5.1;v4.5.3;v5.0.1;v5.0.7;v5.1.0b4;v5.2.0;v5.3.0b5;v6.1.0;v7.0.0b2;v7.2.0;v7.4.0,2.4.6;2.7.2;3.0.0;3.3.8;v4.0.0rc2;v4.4.3;v4.4.4;v5.0.0b3;v8.1.0
CVE-2023-30620,mindsdb/mindsdb,4419b0f0019c000db390b54d8b9d06e1d3670039,descriptions/CVE-2023-30620.txt,patches/CVE-2023-30620.patch,7,17,v2.62.2;v22.3.4.1;v22.6.1.0;v22.7.5.1;v22.9.5.4;v23.1.5.0;v23.2.1.0,v0.8.8;v2.17.1;v2.27.0;v2.42.0;v2.55.1;v2.7.1;v23.10.3.1;v23.4.3.0;v23.6.5.0;v24.10.4.2;v24.4.3.0;v24.8.2.0;v25.1.3.0;v25.11.0;v25.3.4.2;v25.7.1.0;v26.1.0
CVE-2023-30798,encode/starlette,8c74c2c8dba7030154f8af18e016136bea1938fa,descriptions/CVE-2023-30798.txt,patches/CVE-2023-30798.patch,9,15,0.11.1;0.12.8;0.13.6;0.19.0;0.24.0;0.5.0;0.7.1;0.8.7;0.9.8,0.1.0;0.1.11;0.25.0;0.3.0;0.30.0;0.34.0;0.37.0;0.38.4;0.40.0;0.44.0;0.46.1;0.49.0;0.52.1;1.2.1;1.6.0
CVE-2023-31543,bndr/pipreqs,3f5964fcb90ec6eb6df46d78e651a1b73538d0ba,descriptions/CVE-2023-31543.txt,patches/CVE-2023-31543.patch,13,8,v0.3.0;v0.3.1;v0.3.8;v0.4.0;v0.4.1;v0.4.10;v0.4.11;v0.4.12;v0.4.2;v0.4.4;v0.4.5;v0.4.6;v0.4.7,v0.1.9;v0.2.2;v0.2.3;v0.2.5;v0.2.7;v0.2.9;v0.4.13;v0.5.0
CVE-2023-32675,vyperlang/vyper,02339dfda0f3caabad142060d511d10bfe93c520,descriptions/CVE-2023-32675.txt,patches/CVE-2023-32675.patch,6,18,v0.2.12;v0.2.16;v0.3.1;v0.3.3;v0.3.5;v0.3.7,v0.2.10;v0.2.14;v0.2.2;v0.2.4;v0.2.6;v0.2.8;v0.3.10;v0.3.10rc2;v0.3.8;v0.4.0;v0.4.0b3;v0.4.0b6;v0.4.0rc3;v0.4.1b3;v0.4.1rc2;v0.4.2rc1;v0.5.0a1;v0.5.0b1
CVE-2023-33185,django-ses/django-ses,b71b5f413293a13997b6e6314086cb9c22629795,descriptions/CVE-2023-33185.txt,patches/CVE-2023-33185.patch,11,13,v0.6.0;v0.8.10;v0.8.14;v0.8.2;v0.8.5;v2.0.0;v2.2.1;v2.4.0;v3.0.0;v3.2.1;v3.4.1,v0.2;v3.5.0;v3.5.2;v3.6.0;v4.1.0;v4.1.1;v4.3.0;v4.3.1;v4.4.0;v4.5.0;v4.7.0;v4.7.1;v4.8.0
CVE-2023-34233,snowflakedb/snowflake-connector-python,1cdbd3b1403c5ef520d7f4d9614fe35165e101ac,descriptions/CVE-2023-34233.txt,patches/CVE-2023-34233.patch,12,12,v1.4.16;v1.4.5;v1.5.8;v1.6.10;v1.7.7;v1.8.7;v2.2.0;v2.3.0;v2.3.10;v2.6.1;v2.7.8;v3.0.1,v3.0.2;v3.1.0;v3.12.1;v3.13.1;v3.16.0;v3.17.4;v3.3.0;v3.6.0;v3.9.1;v4.1.1;v4.6.0;v4.7.4
CVE-2023-36258,langchain-ai/langchain,a73a6623f10d50e5b78571d7939dba0cd9d27a30,descriptions/CVE-2023-36258.txt,patches/CVE-2023-36258.patch,8,16,v0.0.111;v0.0.128;v0.0.145;v0.0.162;v0.0.213;v0.0.230;v0.0.77;v0.0.94,v0.0.1;v0.0.179;v0.0.196;v0.0.245;v0.0.247;v0.0.259;v0.0.271;v0.0.284;v0.0.296;v0.0.308;v0.0.320;v0.0.331rc2;v0.0.339rc2;v0.0.348;v0.1.17rc1;v0.1.5
CVE-2023-36464,py-pdf/pypdf,b0e5c689df689ab173df84dacd77b6fc3c161932,descriptions/CVE-2023-36464.txt,patches/CVE-2023-36464.patch,12,12,3.1.0;3.2.0;3.2.1;3.4.0;3.4.1;3.5.0;3.5.1;3.5.2;3.6.0;3.7.1;3.8.0;3.8.1,3.13.0;3.16.1;3.17.4;3.9.0;5.0.0;5.6.0;6.1.3;6.12.0;6.14.2;6.19.0;6.6.1;6.8.0
CVE-2023-3674,keylime/keylime,95ce3d86bd2c53009108ffda2dcf553312d733db,descriptions/CVE-2023-3674.txt,patches/CVE-2023-3674.patch,1,23,v7.2.5,v6.3.1;v6.3.2;v6.4.0;v6.4.1;v6.4.2;v6.4.3;v6.5.0;v6.5.1;v6.5.2;v6.5.3;v6.6.0;v7.0.0;v7.10.0;v7.12.0;v7.12.2;v7.13.0;v7.14.0;v7.14.1;v7.14.3;v7.4.0;v7.5.0;v7.7.0;v7.8.0
CVE-2023-36810,py-pdf/pypdf,699e1ad0fbdcf28396163f8ae47d0158c6f6eb27,descriptions/CVE-2023-36810.txt,patches/CVE-2023-36810.patch,12,12,v1.17;v1.19;v1.20;v1.22;v1.24;v1.25.1;1.26.0;1.27.1;1.27.3;1.27.5;1.27.6;1.27.8,1.27.9;1.28.0;1.28.4;2.0.0;2.10.0;2.10.4;2.10.7;2.11.1;2.2.1;2.4.1;2.7.0;3.0.0
CVE-2023-37474,9001/copyparty,043e3c7dd683113e2b1c15cacb9c8e68f76513ff,descriptions/CVE-2023-37474.txt,patches/CVE-2023-37474.patch,12,12,v0.10.2;v0.10.22;v0.11.23;v0.11.44;v0.13.7;v0.2.3;v0.7.2;v1.0.14;v1.2.6;v1.3.14;v1.6.4;v1.8.1,v1.12.0;v1.14.3;v1.16.1;v1.16.14;v1.18.3;v1.19.20;v1.19.6;v1.20.10;v1.20.24;v1.8.2;v1.9.24;v1.9.8
CVE-2023-37902,vyperlang/vyper,019a37ab98ff53f04fecfadf602b6cd5ac748f7f,descriptions/CVE-2023-37902.txt,patches/CVE-2023-37902.patch,10,14,v0.2.10;v0.2.13;v0.2.15;v0.2.2;v0.2.5;v0.2.7;v0.3.1;v0.3.3;v0.3.6;v0.3.9,v0.3.10;v0.3.10rc2;v0.3.10rc5;v0.4.0;v0.4.0b3;v0.4.0b5;v0.4.0rc2;v0.4.0rc5;v0.4.1;v0.4.1b3;v0.4.1rc1;v0.4.3rc1;v0.5.0a1;v0.5.0b1
CVE-2023-38201,keylime/keylime,9e5ac9f25cd400b16d5969f531cee28290543f2a,descriptions/CVE-2023-38201.txt,patches/CVE-2023-38201.patch,12,12,v6.3.1;v6.3.2;v6.4.1;v6.4.2;v6.4.3;v6.5.0;v6.5.2;v6.5.3;v6.6.0;v7.0.0;v7.3.0;v7.4.0,v7.10.0;v7.12.0;v7.12.2;v7.13.0;v7.13.1;v7.14.0;v7.14.2;v7.14.3;v7.5.0;v7.6.0;v7.8.0;v7.9.0
CVE-2023-38325,pyca/cryptography,cf3f6391a78870508cb8e681c2935ebf436f87bc,descriptions/CVE-2023-38325.txt,patches/CVE-2023-38325.patch,5,18,40.0.0;40.0.1;40.0.2;41.0.0;41.0.1,0.1;0.9.3;1.7;2.4;3.4.3;39.0.2;41.0.2;41.0.6;42.0.2;42.0.6;43.0.1;44.0.2;45.0.1;45.0.5;46.0.1;46.0.5;48.0.0;50.0.1
CVE-2023-38501,9001/copyparty,007d948cb982daa05bc6619cd20ee55b7e834c38,descriptions/CVE-2023-38501.txt,patches/CVE-2023-38501.patch,10,14,v0.10.2;v0.11.0;v0.11.26;v0.11.46;v0.7.3;v1.1.1;v1.2.9;v1.4.1;v1.6.7;v1.8.6,v0.13.10;v0.2.3;v1.13.0;v1.15.0;v1.16.16;v1.16.3;v1.18.5;v1.19.21;v1.19.7;v1.20.10;v1.20.24;v1.8.7;v1.9.12;v1.9.27
CVE-2023-38686,matrix-org/sydent,1cd748307c6b168b66154e6c4db715d4b9551261,descriptions/CVE-2023-38686.txt,patches/CVE-2023-38686.patch,12,3,v2.0.0;v2.1.0;v2.2.0;v2.4.0;v2.4.1;v2.4.3;v2.4.4;v2.4.6;v2.5.0;v2.5.2;v2.5.3;v2.5.5,v2.5.6;v2.6.0;v2.6.1
CVE-2023-38699,mindsdb/mindsdb,083afcf6567cf51aa7d89ea892fd97689919053b,descriptions/CVE-2023-38699.txt,patches/CVE-2023-38699.patch,2,22,v23.4.4.0;v23.7.3.1,v0.8.8;2.21.0;v2.40.0;v2.55.1;v2.8.1;v22.1.4.0;v22.4.3.0;v22.7.4.0;v22.9.5.4;v23.10.5.0;v23.2.3.0;v23.7.4.0;v24.11.2.0;v24.4.2.0;v24.7.3.0;v24.9.3.1;v25.1.4.0;v25.13.0rc1;v25.3.3.0;v25.5.4.0;v25.9.1.0;v26.1.0
CVE-2023-39968,jupyter-server/jupyter_server,290362593b2ffb23c59f8114d76f77875de4b925,descriptions/CVE-2023-39968.txt,patches/CVE-2023-39968.patch,8,16,v1.13.0;v1.15.6;1.2.3;v1.23.3;v1.7.0a2;v2.0.0rc1;v2.0.4;v2.7.1,0.0.1;1.0.0rc14;1.0.0rc2;1.0.8;v2.10.0;v2.11.1;v2.12.1;v2.12.3;v2.13.0;v2.14.1;v2.16.0;v2.18.1;v2.19.0;v2.21.1;v2.7.2;v2.9.0
CVE-2023-40570,simonw/datasette,01e0558825b8f7ec17d3b691aa072daf122fcc74,descriptions/CVE-2023-40570.txt,patches/CVE-2023-40570.patch,0,12,,0.23;0.30;0.41;0.49a0;0.52.2;0.58;0.61;0.64.6;0.8;1.0a24;1.0a40;1.0a7
CVE-2023-40581,yt-dlp/yt-dlp,de015e930747165dbb8fcd360f8775fd973b7d6e,descriptions/CVE-2023-40581.txt,patches/CVE-2023-40581.patch,7,11,2021.10.10;2021.10.22;2021.11.10;2021.11.10.1;2021.12.25;2021.12.27;2022.11.11,2023.10.13;2023.11.14;2023.11.16;2023.12.30;2024.10.22;2024.11.18;2024.12.13;2024.12.23;2025.10.14;2025.10.22;2025.11.12
CVE-2023-41039,zopefoundation/RestrictedPython,4134aedcff17c977da7717693ed89ce56d54c120,descriptions/CVE-2023-41039.txt,patches/CVE-2023-41039.patch,12,12,3.5.0;3.6.0a1;4.0a1;4.0a3;4.0b3;4.0b5;4.0b8;5.0;5.2a1.dev0;5.3;6.1;7.0a1.dev0,3.4.2;5.4;6.2;7.0a2.dev0;7.1;7.2;7.3;8.0;8.1;8.3;8.3a1.dev0;8.5
CVE-2023-41040,gitpython-developers/GitPython,46d3d0520d8877b1979e6385bada9d9e1e0731ec,descriptions/CVE-2023-41040.txt,patches/CVE-2023-41040.patch,11,13,0.3.4;2.0.1;2.0.8;2.1.14;2.1.6;3.0.6;3.1.12;3.1.19;3.1.28;3.1.36;3.1.4,0.1.7;3.1.37;3.1.40;3.1.42;3.1.45;3.1.47;3.1.49;3.1.51;3.1.53;3.1.55;3.1.58;3.1.60;3.1.62
CVE-2023-41052,vyperlang/vyper,78fa8dd8f91ba0cb26277eeffb585c68c83e7daa,descriptions/CVE-2023-41052.txt,patches/CVE-2023-41052.patch,10,14,v0.2.10;v0.2.13;v0.2.15;v0.2.2;v0.2.5;v0.2.7;v0.3.1;v0.3.3;v0.3.6;v0.3.9,v0.3.10;v0.3.10rc2;v0.3.10rc5;v0.4.0;v0.4.0b3;v0.4.0b5;v0.4.0rc2;v0.4.0rc5;v0.4.1;v0.4.1b3;v0.4.1rc1;v0.4.3rc1;v0.5.0a1;v0.5.0b1
CVE-2023-41885,piccolo-orm/piccolo,edcfe3568382922ba3e3b65896e6e7272f972261,descriptions/CVE-2023-41885.txt,patches/CVE-2023-41885.patch,11,13,0.101.0;0.11.2;0.120.0;0.14.1;0.17.1;0.26.0;0.43.0;0.60.1;0.69.4;0.7.3;0.80.2,0.1.0;0.121.0;1.1.0;1.13.1;1.17.0;1.20.0;1.24.1;1.27.0;1.3.2;1.31.0;1.36.0;1.5.1;1.9.0
CVE-2023-42439,GeoNode/geonode,79ac6e70419c2e0261548bed91c159b54ff35b8d,descriptions/CVE-2023-42439.txt,patches/CVE-2023-42439.patch,0,18,,2.0b4;2.0b50;2.4a11;2.4b12;2.5.15;3.1.1;3.2.0;3.2.3.post1;3.3.1.post1;3.3.3;4.0.1;4.1.1;4.1.4;4.2.2;4.3.0;4.4.2;5.0.0;5.1.0
CVE-2023-45813,DedSecInside/TorBot,ef6e06bc7785355b1701d5524eb4550441086ac4,descriptions/CVE-2023-45813.txt,patches/CVE-2023-45813.patch,4,3,v2.1.0;v3.0.1;v3.1.1;v3.1.2,v1.2;v4.0.0;v4.3.0
CVE-2023-46446,ronf/asyncssh,83e43f5ea3470a8617fc388c72b062c7136efd7e,descriptions/CVE-2023-46446.txt,patches/CVE-2023-46446.patch,12,12,v0.8.1;v1.0.0;v1.10.1;v1.13.1;v1.16.1;v1.3.1;v1.5.3;v1.7.1;v2.10.0;v2.14.0;v2.2.0;v2.6.0,v2.14.1;v2.14.2;v2.15.0;v2.17.0;v2.18.0;v2.19.0;v2.20.0;v2.21.0;v2.21.1;v2.23.0;v2.23.1;v2.24.0
CVE-2023-47117,HumanSignal/label-studio,f931d9d129002f54a495995774ce7384174cef5c,descriptions/CVE-2023-47117.txt,patches/CVE-2023-47117.patch,6,18,v1.0.0;v1.1.1;1.7.0;1.8.0;1.8.2.post1;1.9.2,v0.4.4;v0.4.8;v0.6.1;v0.7.3;v0.8.2;v0.9.0.post5;1.10.0.post0;1.11.0;1.12.0;1.12.1;1.13.1;1.14.0.post0;1.16.0;1.18.0;1.19.0;1.21.0;1.23.0;1.9.2.post0
CVE-2023-47641,aio-libs/aiohttp,f016f0680e4ace6742b03a70cb0382ce86abe371,descriptions/CVE-2023-47641.txt,patches/CVE-2023-47641.patch,12,12,v0.1;v0.15.1;v0.19.0;v0.22.2;v0.8.4;1.3.3;v2.2.5;v3.0.0b0;v3.2.0;v3.5.0b3;v3.6.0b0;v4.0.0a1,v3.10.0rc0;v3.10.6rc1;v3.11.0;v3.11.0b0;v3.11.18;v3.11.9;v3.12.1;v3.12.9;v3.13.2;v3.8.0;v3.8.0b0;v3.9.0rc0
CVE-2023-49277,DarrenOfficial/dpaste,44a666a79b3b29ed4f340600bfcf55113bfb7086,descriptions/CVE-2023-49277.txt,patches/CVE-2023-49277.patch,8,4,v2.10;2.13;2.7;2.9;v3.1;v3.3;v3.3.1;v3.5,2.0;2.2;2.3;2.5
CVE-2023-49795,mindsdb/mindsdb,8d13c9c28ebcf3b36509eb679378004d4648d8fe,descriptions/CVE-2023-49795.txt,patches/CVE-2023-49795.patch,5,19,v22.6.1.1;v22.8.5.0;v23.1.3.1;v23.3.5.0;v23.6.5.1,v0.8.8;2.21.2;v2.42.1;v2.58.2;v2.9.0;v22.3.1.0;v23.11.4.0;v23.11.4.1;v24.10.5.0;v24.12.3.0;v24.4.2.1;v24.7.3.0;v24.9.2.1;v25.13.0rc2;v25.2.2.0;v25.4.2.1;v25.6.3.1;v25.9.2.0a1;v26.1.0
CVE-2023-5752,pypa/pip,389cb799d0da9a840749fcd14878928467ed49b4,descriptions/CVE-2023-5752.txt,patches/CVE-2023-5752.patch,10,14,0.3;1.5.1;10.0.0b1;19.1.1;20.1.1;20.3.3;21.2.4;22.1.2;23.2.1;6.0.6,1.0;23.3;23.3.2;24.1.1;24.1b1;24.2;24.3.1;25.0.1;25.1.1;25.3;26.1;26.1.2;26.2.1;7.1.2
